title,url,seendate,domain,total_repeats,NM_count,MO_count,ID_count,ND_count,SC_count,OH_count,ALL_RELEV_count,PA_count,AL_count,FL_count,IA_count,OR_count,NH_count,VA_count,AZ_count,KY_count,CT_count,USA_count,MI_count,KS_count,VT_count,RI_count,CA_count,ME_count,OK_count,IN_count,MS_count,NV_count,MT_count,TN_count,TX_count,GA_count,UT_count,HI_count,NE_count,MN_count,WI_count,CO_count,IL_count,WV_count,LA_count,AK_count,DE_count,NY_count,MD_count,WY_count,NC_count,SD_count,MA_count,NJ_count
"CNN Soledad OBrien , Liberal Guest Team Up to Attack Breitbart Editor Over  Critical Race Theory  ",https://newsbusters.org/blogs/nb/matt-hadro/2012/03/08/cnns-soledad-obrien-liberal-guest-team-attack-breitbart-editor-over,20200803T083000Z,newsbusters.org,2,0,0,0,0,0,0,2,0,0,0,0,0,0,0,0,0,0,0,0,0,0,0,0,0,0,0,0,0,0,0,0,0,0,0,0,0,0,0,0,0,0,0,0,0,0,0,0,0,0,0
A Critical Race Tale Told by Leftist Idiots Signifying Nothing,https://canadafreepress.com/article/a-critical-race-tale-told-by-leftist-idiots-signifying-nothing,20200805T150000Z,canadafreepress.com,2,0,0,0,0,0,0,2,0,0,0,0,0,0,0,0,0,0,0,0,0,0,0,0,0,0,0,0,0,0,0,0,0,0,0,0,0,0,0,0,0,0,0,0,0,0,0,0,0,0,0
"Amazing Benefits of Becoming Salesforce Developer via CRT - 450 Exam , Best Training Courses and Dumps – First Comics News",https://www.firstcomicsnews.com/amazing-benefits-of-becoming-salesforce-developer-via-crt-450-exam-best-training-courses-and-dumps/,20200806T173000Z,firstcomicsnews.com,2,0,0,0,0,0,0,2,0,0,0,0,0,0,0,0,0,0,0,0,0,0,0,0,0,0,0,0,0,0,0,0,0,0,0,0,0,0,0,0,0,0,0,0,0,0,0,0,0,0,0
The race is on ; Candidates address critical issues,https://www.natchitochestimes.com/2020/08/13/the-race-is-on-candidates-address-critical-issues/,20200813T064500Z,natchitochestimes.com,1,0,0,0,0,0,0,0,0,0,0,0,0,0,0,0,0,0,0,0,0,0,0,0,0,0,0,0,0,0,0,0,0,0,0,0,0,0,0,0,0,1,0,0,0,0,0,0,0,0,0
Journalist declares  one - man war against critical race theory  after nuke lab holds  white privlege  training,https://www.foxnews.com/us/chris-rufo-one-man-war-race-theory,20200814T044500Z,foxnews.com,4,0,0,0,0,0,0,2,0,0,0,0,0,0,0,0,0,0,0,0,1,0,0,0,0,0,0,0,0,0,1,0,0,0,0,0,0,0,0,0,0,0,0,0,0,0,0,0,0,0,0
Reminder : Critical race theory isnt scriptural,https://onenewsnow.com/church/2020/08/18/reminder-critical-race-theory-isnt-scriptural,20200818T073000Z,onenewsnow.com,2,0,0,0,0,0,0,2,0,0,0,0,0,0,0,0,0,0,0,0,0,0,0,0,0,0,0,0,0,0,0,0,0,0,0,0,0,0,0,0,0,0,0,0,0,0,0,0,0,0,0
"B . C . Court Of Appeal Weighs In On Legal Representation In CRT Proceedings - Litigation , Mediation & Arbitration",https://www.mondaq.com/canada/trials-appeals-compensation/978120/bc-court-of-appeal-weighs-in-on-legal-representation-in-crt-proceedings,20200821T081500Z,mondaq.com,2,0,0,0,0,0,0,2,0,0,0,0,0,0,0,0,0,0,0,0,0,0,0,0,0,0,0,0,0,0,0,0,0,0,0,0,0,0,0,0,0,0,0,0,0,0,0,0,0,0,0
Third upsized Freddie Mac deal confirms CRT demand is back on track,https://www.nationalmortgagenews.com/news/third-upsized-freddie-mac-deal-confirms-crt-demand-is-back-on-track,20200821T200000Z,nationalmortgagenews.com,2,0,0,0,0,0,0,2,0,0,0,0,0,0,0,0,0,0,0,0,0,0,0,0,0,0,0,0,0,0,0,0,0,0,0,0,0,0,0,0,0,0,0,0,0,0,0,0,0,0,0
"Microsoft Flight Simulator looks incredible , even on three CRT monitors",https://www.windowscentral.com/microsoft-flight-simulator-looks-incredible-even-three-crt-monitors,20200824T161500Z,windowscentral.com,2,0,0,0,0,0,0,2,0,0,0,0,0,0,0,0,0,0,0,0,0,0,0,0,0,0,0,0,0,0,0,0,0,0,0,0,0,0,0,0,0,0,0,0,0,0,0,0,0,0,0
CT Real Estate Investment Trust ( TSE : CRT . UN ) Financials Are Too Obscure To Link With Current Share Price Momentum : What In Store For the Stock ? ,https://news.yahoo.com/ct-real-estate-investment-trusts-113851147.html,20200825T121500Z,news.yahoo.com,2,0,0,0,0,0,0,2,0,0,0,0,0,0,0,0,0,0,0,0,0,0,0,0,0,0,0,0,0,0,0,0,0,0,0,0,0,0,0,0,0,0,0,0,0,0,0,0,0,0,0
Continued Violence In Kenosha May Tighten 2020 Race In Critical State Of Wisconsin,https://thefederalist.com/2020/08/25/continued-violence-in-kenosha-may-tighten-2020-race-in-critical-state-of-wisconsin/,20200825T210000Z,thefederalist.com,2,0,0,0,0,0,0,0,0,0,0,0,0,0,0,0,0,0,0,0,0,0,0,0,0,0,0,0,0,0,0,0,0,0,0,0,1,1,0,0,0,0,0,0,0,0,0,0,0,0,0
Sandia Labs Goes Nuclear On Employee Who Sparked Internal Revolt Over Critical Race Theory,https://www.zerohedge.com/political/sandia-labs-goes-nuclear-employee-who-sparked-internal-revolt-over-critical-race-theory,20200829T024500Z,zerohedge.com,2,0,0,0,0,0,0,2,0,0,0,0,0,0,0,0,0,0,0,0,0,0,0,0,0,0,0,0,0,0,0,0,0,0,0,0,0,0,0,0,0,0,0,0,0,0,0,0,0,0,0
Rebellion Against Critical Race Theory in the Federal Government,https://www.amren.com/news/2020/08/rebellion-against-critical-race-theory-in-the-federal-government/,20200831T190000Z,amren.com,2,0,0,0,0,0,0,2,0,0,0,0,0,0,0,0,0,0,0,0,0,0,0,0,0,0,0,0,0,0,0,0,0,0,0,0,0,0,0,0,0,0,0,0,0,0,0,0,0,0,0
"UF cancels , then reinstates ,  critical race theory  class amid student outrage , gives prof promotion",https://www.campusreform.org/?ID=15563,20200901T053000Z,campusreform.org,2,0,0,0,0,0,0,1,0,0,1,0,0,0,0,0,0,0,0,0,0,0,0,0,0,0,0,0,0,0,0,0,0,0,0,0,0,0,0,0,0,0,0,0,0,0,0,0,0,0,0
CRT for Esophageal Cancer Tied to Vertebrae Fractures,https://www.medpagetoday.com/hematologyoncology/othercancers/88388,20200901T153000Z,medpagetoday.com,1,0,0,0,0,0,0,1,0,0,0,0,0,0,0,0,0,0,0,0,0,0,0,0,0,0,0,0,0,0,0,0,0,0,0,0,0,0,0,0,0,0,0,0,0,0,0,0,0,0,0
Chris Rufo calls on Trump to end critical race theory  cult indoctrination  in federal government,https://www.foxnews.com/politics/chris-rufo-race-theory-cult-federal-government,20200902T023000Z,foxnews.com,1,0,0,0,0,0,0,1,0,0,0,0,0,0,0,0,0,0,0,0,0,0,0,0,0,0,0,0,0,0,0,0,0,0,0,0,0,0,0,0,0,0,0,0,0,0,0,0,0,0,0
Christopher Rufo on the  Critical Race Theory  Takeover of the U . S . ,https://www.lewrockwell.com/lrc-blog/christopher-rufo-on-the-critical-race-theory-takeover-of-the-u-s/,20200902T101500Z,lewrockwell.com,1,0,0,0,0,0,0,1,0,0,0,0,0,0,0,0,0,0,0,0,0,0,0,0,0,0,0,0,0,0,0,0,0,0,0,0,0,0,0,0,0,0,0,0,0,0,0,0,0,0,0
Trump called to purge critical race theory training from federal agencies after disturbing probe,https://www.bizpacreview.com/2020/09/02/calls-for-trump-to-purge-critical-race-theory-training-from-federal-agencies-after-disturbing-probe-967270,20200902T141500Z,bizpacreview.com,1,0,0,0,0,0,0,1,0,0,0,0,0,0,0,0,0,0,0,0,0,0,0,0,0,0,0,0,0,0,0,0,0,0,0,0,0,0,0,0,0,0,0,0,0,0,0,0,0,0,0
Critical Race Theory and the war on standards,https://www.powerlineblog.com/archives/2020/09/critical-race-theory-and-the-war-on-standards.php,20200902T204500Z,powerlineblog.com,1,0,0,0,0,0,0,1,0,0,0,0,0,0,0,0,0,0,0,0,0,0,0,0,0,0,0,0,0,0,0,0,0,0,0,0,0,0,0,0,0,0,0,0,0,0,0,0,0,0,0
The Remnant Newspaper - Critical Race Theory and Cooties,https://remnantnewspaper.com/web/index.php/fetzen-fliegen/item/5041-critical-race-theory-and-cooties,20200902T210000Z,remnantnewspaper.com,1,0,0,0,0,0,0,1,0,0,0,0,0,0,0,0,0,0,0,0,0,0,0,0,0,0,0,0,0,0,0,0,0,0,0,0,0,0,0,0,0,0,0,0,0,0,0,0,0,0,0
Trump to Feds : Stop  Anti - American  Training on  Critical Race Theory  ,https://www.msn.com/en-us/news/politics/trump-to-feds-stop-anti-american-training-on-critical-race-theory-e2-80-99/ar-BB18IYdA,20200905T011500Z,msn.com,3,0,0,0,0,0,0,3,0,0,0,0,0,0,0,0,0,0,0,0,0,0,0,0,0,0,0,0,0,0,0,0,0,0,0,0,0,0,0,0,0,0,0,0,0,0,0,0,0,0,0
"White House memo calls for ban on federal agencies conducting training on  critical race theory ,  white privilege  with taxpayer dollars",http://www.cbsnews.com/news/white-house-memo-calls-for-ban-on-federal-agencies-conducting-training-on-critical-race-theory-white-privilege-with-taxpayer-dollars/,20200905T024500Z,cbsnews.com,2,0,0,0,0,0,0,2,0,0,0,0,0,0,0,0,0,0,0,0,0,0,0,0,0,0,0,0,0,0,0,0,0,0,0,0,0,0,0,0,0,0,0,0,0,0,0,0,0,0,0
White House orders end of  critical race theory  training for government agencies,https://www.washingtonexaminer.com/news/white-house-orders-end-of-critical-race-theory-training-for-government-agencies,20200905T024500Z,washingtonexaminer.com,1,0,0,0,0,0,0,1,0,0,0,0,0,0,0,0,0,0,0,0,0,0,0,0,0,0,0,0,0,0,0,0,0,0,0,0,0,0,0,0,0,0,0,0,0,0,0,0,0,0,0
White House Halts  Critical Race Theory Training for Government Workers,https://www.theepochtimes.com/white-house-halts-critical-race-theory-trainings-for-government-workers_3488960.html,20200905T031500Z,theepochtimes.com,1,0,0,0,0,0,0,1,0,0,0,0,0,0,0,0,0,0,0,0,0,0,0,0,0,0,0,0,0,0,0,0,0,0,0,0,0,0,0,0,0,0,0,0,0,0,0,0,0,0,0
Trump Bans Federal Money From Funding Far - Left Anti - American  Critical Race Theory  ,http://freerepublic.com/focus/f-news/3881108/posts,20200905T043000Z,freerepublic.com,2,0,0,0,0,0,0,1,0,0,0,0,0,0,0,0,0,0,0,0,0,0,0,0,0,0,0,0,0,0,0,0,0,0,0,0,0,0,0,0,0,0,0,0,1,0,0,0,0,0,0
Trump Orders Purge of  Critical Race Theory  from Federal Agencies,https://www.breitbart.com/tech/2020/09/04/partys-over-trump-orders-purge-of-critical-race-theory-from-federal-agencies/,20200905T051500Z,breitbart.com,1,0,0,0,0,0,0,1,0,0,0,0,0,0,0,0,0,0,0,0,0,0,0,0,0,0,0,0,0,0,0,0,0,0,0,0,0,0,0,0,0,0,0,0,0,0,0,0,0,0,0
"President bans critical race theory training from federal agencies , it will be war",https://www.independentsentinel.com/president-bans-critical-race-theory-training-from-federal-agencies-it-will-be-war/,20200905T133000Z,independentsentinel.com,1,0,0,0,0,0,0,1,0,0,0,0,0,0,0,0,0,0,0,0,0,0,0,0,0,0,0,0,0,0,0,0,0,0,0,0,0,0,0,0,0,0,0,0,0,0,0,0,0,0,0
"Social Media Buzz : Critical Race Theory , Kentucky Derby , Mulan",https://www.msn.com/en-us/news/world/social-media-buzz-critical-race-theory-kentucky-derby-mulan/ar-BB18JRRP,20200905T153000Z,msn.com,1,0,0,0,0,0,0,1,0,0,0,0,0,0,0,0,0,0,0,0,0,0,0,0,0,0,0,0,0,0,0,0,0,0,0,0,0,0,0,0,0,0,0,0,0,0,0,0,0,0,0
Trump Bans Taxpayer Money from Funding Anti - American  Critical Race Theory  ,https://neonnettle.com/news/12560-trump-bans-taxpayer-money-from-funding-anti-american-critical-race-theory-,20200905T154500Z,neonnettle.com,1,0,0,0,0,0,0,1,0,0,0,0,0,0,0,0,0,0,0,0,0,0,0,0,0,0,0,0,0,0,0,0,0,0,0,0,0,0,0,0,0,0,0,0,0,0,0,0,0,0,0
"Trump Admin Bans  Critical Race Theory ,  White Privilege  Brainwashing Sessions For Govt Agencies",https://www.infowars.com/trump-admin-bans-critical-race-theory-white-privilege-brainwashing-sessions-for-govt-agencies/,20200905T160000Z,infowars.com,1,0,0,0,0,0,0,1,0,0,0,0,0,0,0,0,0,0,0,0,0,0,0,0,0,0,0,0,0,0,0,0,0,0,0,0,0,0,0,0,0,0,0,0,0,0,0,0,0,0,0
"Trump ends  un - American  white privilege propaganda training , critical race theory at federal agencies",https://www.bizpacreview.com/2020/09/05/trump-ends-un-american-white-privilege-propaganda-critical-race-theory-at-federal-agencies-968511,20200905T173000Z,bizpacreview.com,1,0,0,0,0,0,0,1,0,0,0,0,0,0,0,0,0,0,0,0,0,0,0,0,0,0,0,0,0,0,0,0,0,0,0,0,0,0,0,0,0,0,0,0,0,0,0,0,0,0,0
Party Over : Trump Orders Purge of  Critical Race Theory  from Federal Agencies,https://canadafreepress.com/article/partys-over-trump-orders-purge-of-critical-race-theory-from-federal-agencie,20200905T174500Z,canadafreepress.com,1,0,0,0,0,0,0,1,0,0,0,0,0,0,0,0,0,0,0,0,0,0,0,0,0,0,0,0,0,0,0,0,0,0,0,0,0,0,0,0,0,0,0,0,0,0,0,0,0,0,0
"Brilliant black professor on Critical Race Theory --  revenge society ,  racism under new management  ",https://www.independentsentinel.com/brilliant-black-professor-on-critical-race-theory-revenge-society-racism-under-new-management/,20200905T183000Z,independentsentinel.com,2,0,0,0,0,0,1,1,0,0,0,0,0,0,0,0,0,0,0,0,0,0,0,0,0,0,0,0,0,0,0,0,0,0,0,0,0,0,0,0,0,0,0,0,0,0,0,0,0,0,0
Trump just ordered a PURGE of liberal  critical race theory  from the entire federal government,https://therightscoop.com/trump-just-ordered-a-purge-of-liberal-critical-race-theory-from-the-entire-federal-government/,20200905T184500Z,therightscoop.com,1,0,0,0,0,0,0,1,0,0,0,0,0,0,0,0,0,0,0,0,0,0,0,0,0,0,0,0,0,0,0,0,0,0,0,0,0,0,0,0,0,0,0,0,0,0,0,0,0,0,0
Trump admin ending critical race theory training at federal agencies :  Anti - American propaganda  -- Puppet Masters -- Sott . net,https://www.sott.net/article/440904-Trump-admin-ending-critical-race-theory-training-at-federal-agencies-Anti-American-propaganda,20200905T213000Z,sott.net,1,0,0,0,0,0,0,1,0,0,0,0,0,0,0,0,0,0,0,0,0,0,0,0,0,0,0,0,0,0,0,0,0,0,0,0,0,0,0,0,0,0,0,0,0,0,0,0,0,0,0
President Trump orders federal agencies to stop spending money on training employees on critical race theory and white privilege,https://twitchy.com/brett-3136/2020/09/05/president-trump-orders-federal-agencies-to-stop-spending-money-on-training-employees-on-critical-race-theory-and-white-privilege/,20200905T221500Z,twitchy.com,2,0,0,0,0,0,0,2,0,0,0,0,0,0,0,0,0,0,0,0,0,0,0,0,0,0,0,0,0,0,0,0,0,0,0,0,0,0,0,0,0,0,0,0,0,0,0,0,0,0,0
Trump Admin Bans Critical Race Theory Trainings At Federal Agencies,https://thefederalist.com/2020/09/05/trump-administration-bans-critical-race-theory-trainings-at-federal-agencies/,20200905T233000Z,thefederalist.com,1,0,0,0,0,0,0,1,0,0,0,0,0,0,0,0,0,0,0,0,0,0,0,0,0,0,0,0,0,0,0,0,0,0,0,0,0,0,0,0,0,0,0,0,0,0,0,0,0,0,0
Trump Tells Feds : Stop  Anti - American  Training On  Critical Race Theory  ,https://www.zerohedge.com/political/trump-tells-feds-stop-anti-american-training-critical-race-theory,20200906T003000Z,zerohedge.com,1,0,0,0,0,0,0,1,0,0,0,0,0,0,0,0,0,0,0,0,0,0,0,0,0,0,0,0,0,0,0,0,0,0,0,0,0,0,0,0,0,0,0,0,0,0,0,0,0,0,0
"Trump tells agencies to end trainings on  white privilege ,  race theory  ",https://whyy.org/npr_story_post/trump-tells-agencies-to-end-trainings-on-white-privilege-and-critical-race-theory/,20200906T011500Z,whyy.org,2,0,0,0,0,0,0,2,0,0,0,0,0,0,0,0,0,0,0,0,0,0,0,0,0,0,0,0,0,0,0,0,0,0,0,0,0,0,0,0,0,0,0,0,0,0,0,0,0,0,0
KUOW - Trump Tells Agencies To End Trainings On  White Privilege  And  Critical Race Theory  ,https://kuow.org/stories/trump-tells-agencies-to-end-trainings-on-white-privilege-and-critical-race-theory,20200906T011500Z,kuow.org,2,0,0,0,0,0,0,2,0,0,0,0,0,0,0,0,0,0,0,0,0,0,0,0,0,0,0,0,0,0,0,0,0,0,0,0,0,0,0,0,0,0,0,0,0,0,0,0,0,0,0
Trump tells federal agencies to end training on  white privilege  and  critical race theory  ,https://www.mprnews.org/story/2020/09/05/npr-trump-tells-agencies-to-end-trainings-on-white-privilege-and-critical-race-theor,20200906T031500Z,mprnews.org,1,0,0,0,0,0,0,1,0,0,0,0,0,0,0,0,0,0,0,0,0,0,0,0,0,0,0,0,0,0,0,0,0,0,0,0,0,0,0,0,0,0,0,0,0,0,0,0,0,0,0
Trump Admin Bans Critical Race Theory Training,http://www.frontpagemag.com/point/2020/09/trump-admin-bans-critical-race-theory-training-daniel-greenfield/,20200906T093000Z,frontpagemag.com,1,0,0,0,0,0,0,1,0,0,0,0,0,0,0,0,0,0,0,0,0,0,0,0,0,0,0,0,0,0,0,0,0,0,0,0,0,0,0,0,0,0,0,0,0,0,0,0,0,0,0
Trump White House memo says  no place  for  critical race theory  in US government while moving to end diversity trainings,https://www.alternet.org/2020/09/trump-white-house-memo-says-no-place-for-critical-race-theory-in-us-government-while-moving-to-end-diversity-trainings/,20200906T133000Z,alternet.org,1,0,0,0,0,0,0,1,0,0,0,0,0,0,0,0,0,0,0,0,0,0,0,0,0,0,0,0,0,0,0,0,0,0,0,0,0,0,0,0,0,0,0,0,0,0,0,0,0,0,0
BOOM : Trump Bans Critical Race Theory Training in Federal Agencies,https://pjmedia.com/news-and-politics/stacey-lennox/2020/09/06/boom-trump-bans-critical-race-theory-training-in-federal-agencies-n896234,20200906T140000Z,pjmedia.com,1,0,0,0,0,0,0,1,0,0,0,0,0,0,0,0,0,0,0,0,0,0,0,0,0,0,0,0,0,0,0,0,0,0,0,0,0,0,0,0,0,0,0,0,0,0,0,0,0,0,0
President Trump Directs Federal Agencies To Stop All  Critical Race Theory  Brainwashing Classes,https://larouchepub.com/pr/2020/20200905_race_theory.html,20200906T151500Z,larouchepub.com,1,0,0,0,0,0,0,1,0,0,0,0,0,0,0,0,0,0,0,0,0,0,0,0,0,0,0,0,0,0,0,0,0,0,0,0,0,0,0,0,0,0,0,0,0,0,0,0,0,0,0
Sandia Labs employee rails against critical race theory in lab - wide email,https://www.dailylobo.com/article/2020/09/sandia-labs-employee-rails-against-critical-race-theory-in-lab-wide-email,20200906T164500Z,dailylobo.com,1,0,0,0,0,0,0,1,0,0,0,0,0,0,0,0,0,0,0,0,0,0,0,0,0,0,0,0,0,0,0,0,0,0,0,0,0,0,0,0,0,0,0,0,0,0,0,0,0,0,0
Listening & Black Lives Matter : Jean - Louis Chretien on Critical Race Theory & Political Discourse,https://www.nationalreview.com/2020/09/on-listening-and-the-black-lives-matter-movement/,20200906T183000Z,nationalreview.com,1,0,0,0,0,0,0,1,0,0,0,0,0,0,0,0,0,0,0,0,0,0,0,0,0,0,0,0,0,0,0,0,0,0,0,0,0,0,0,0,0,0,0,0,0,0,0,0,0,0,0
Trump Orders Purge of  Critical Race Theory  From Federal Agencies : What It Is & Why Trump Order Matters,https://www.redstate.com/mike_miller/2020/09/06/trump-orders-purge-of-%E2%80%98critical-race-theory%E2%80%99-from-federal-agencies-what-it-is-why-trump%E2%80%99s-order-matters/,20200906T191500Z,redstate.com,1,0,0,0,0,0,0,1,0,0,0,0,0,0,0,0,0,0,0,0,0,0,0,0,0,0,0,0,0,0,0,0,0,0,0,0,0,0,0,0,0,0,0,0,0,0,0,0,0,0,0
Banning Critical Race Theory And White Privilege Isnt The Answer . But Viewpoint Diversity Can Be . ,https://www.forbes.com/sites/ilanaredstone/2020/09/06/banning-critical-race-theory-and-white-privilege-isnt-the-answer-but-viewpoint-diversity-can-be/,20200906T211500Z,forbes.com,1,0,0,0,0,0,0,1,0,0,0,0,0,0,0,0,0,0,0,0,0,0,0,0,0,0,0,0,0,0,0,0,0,0,0,0,0,0,0,0,0,0,0,0,0,0,0,0,0,0,0
"Pollak : Eight Years Later , Andrew Breitbart Vindicated on Critical Race Theory",https://www.breitbart.com/politics/2020/09/06/pollak-eight-years-later-andrew-breitbart-vindicated-on-critical-race-theory/,20200906T231500Z,breitbart.com,1,0,0,0,0,0,0,1,0,0,0,0,0,0,0,0,0,0,0,0,0,0,0,0,0,0,0,0,0,0,0,0,0,0,0,0,0,0,0,0,0,0,0,0,0,0,0,0,0,0,0
Is Critical Race Training Illegal ? [ with comment by Paul ] ,https://www.powerlineblog.com/archives/2020/09/is-critical-race-training-illegal.php,20200907T043000Z,powerlineblog.com,1,0,0,0,0,0,0,1,0,0,0,0,0,0,0,0,0,0,0,0,0,0,0,0,0,0,0,0,0,0,0,0,0,0,0,0,0,0,0,0,0,0,0,0,0,0,0,0,0,0,0
Trump daring Dems to defend  critical race theory  and 1619 project as he moves to suspend indoctrination in schools and govt . agencies,https://www.americanthinker.com/blog/2020/09/trump_daring_dems_to_defend_critical_race_theory_and_1619_project_as_he_moves_to_suspend_indoctrination_in_schools_and_govt_agencies.html,20200907T154500Z,americanthinker.com,2,0,0,0,0,0,0,2,0,0,0,0,0,0,0,0,0,0,0,0,0,0,0,0,0,0,0,0,0,0,0,0,0,0,0,0,0,0,0,0,0,0,0,0,0,0,0,0,0,0,0
Thomas Gallatin : Critical Race Theory Training Banned The Patriot Post,https://patriotpost.us/articles/73263-critical-race-theory-training-banned-2020-09-07,20200907T193000Z,patriotpost.us,1,0,0,0,0,0,0,1,0,0,0,0,0,0,0,0,0,0,0,0,0,0,0,0,0,0,0,0,0,0,0,0,0,0,0,0,0,0,0,0,0,0,0,0,0,0,0,0,0,0,0
Trump Bold Ban on Critical Race Theory Training,https://www.realclearpolitics.com/2020/09/07/trumprsquos_bold_ban_on_critical_race_theory_training_522533.html,20200907T214500Z,realclearpolitics.com,1,0,0,0,0,0,0,1,0,0,0,0,0,0,0,0,0,0,0,0,0,0,0,0,0,0,0,0,0,0,0,0,0,0,0,0,0,0,0,0,0,0,0,0,0,0,0,0,0,0,0
Gutfeld on Trump getting rid of critical race theory,https://www.foxnews.com/opinion/gutfeld-on-trump-getting-rid-of-critical-race-theory,20200907T231500Z,foxnews.com,1,0,0,0,0,0,0,1,0,0,0,0,0,0,0,0,0,0,0,0,0,0,0,0,0,0,0,0,0,0,0,0,0,0,0,0,0,0,0,0,0,0,0,0,0,0,0,0,0,0,0
Is Critical Race Training Illegal ? ( Part 2 ) ,https://www.powerlineblog.com/archives/2020/09/is-critical-race-training-illegal-part-2.php,20200907T231500Z,powerlineblog.com,1,0,0,0,0,0,0,1,0,0,0,0,0,0,0,0,0,0,0,0,0,0,0,0,0,0,0,0,0,0,0,0,0,0,0,0,0,0,0,0,0,0,0,0,0,0,0,0,0,0,0
I Know What Youre Thinking : How is it that Government Agencies Come to Have Instruction on  Critical Race Theory ? ,https://www.redstate.com/shipwreckedcrew/2020/09/07/i-know-what-youre-thinking-how-is-it-that-government-agencies-come-to-have-instruction-on-critical-race-theory/,20200908T000000Z,redstate.com,1,0,0,0,0,0,0,1,0,0,0,0,0,0,0,0,0,0,0,0,0,0,0,0,0,0,0,0,0,0,0,0,0,0,0,0,0,0,0,0,0,0,0,0,0,0,0,0,0,0,0
Trump Tells Agencies To End Trainings On  White Privilege  And  Critical Race Theory  ,https://www.mtpr.org/post/trump-tells-agencies-end-trainings-white-privilege-and-critical-race-theory,20200908T074500Z,mtpr.org,73,0,0,0,0,0,0,73,0,0,0,0,0,0,0,0,0,0,0,0,0,0,0,0,0,0,0,0,0,0,0,0,0,0,0,0,0,0,0,0,0,0,0,0,0,0,0,0,0,0,0
Trump Is Unloading Both Barrels on Critical Race Theory,https://pjmedia.com/columns/stephen-kruiser/2020/09/08/the-morning-briefing-trump-is-unloading-both-barrels-on-critical-race-theory-just-in-time-n902854,20200908T143000Z,pjmedia.com,1,0,0,0,0,0,0,1,0,0,0,0,0,0,0,0,0,0,0,0,0,0,0,0,0,0,0,0,0,0,0,0,0,0,0,0,0,0,0,0,0,0,0,0,0,0,0,0,0,0,0
Trump Is Right To Remove Critical Race Theory From Diversity Programs,https://thefederalist.com/2020/09/08/donald-trump-is-right-to-remove-critical-race-theory-from-diversity-programs/,20200908T173000Z,thefederalist.com,1,0,0,0,0,0,0,1,0,0,0,0,0,0,0,0,0,0,0,0,0,0,0,0,0,0,0,0,0,0,0,0,0,0,0,0,0,0,0,0,0,0,0,0,0,0,0,0,0,0,0
"Tucker Carlson blasts critical race theory advocates , asks  Why havent they resigned ? ",https://www.foxnews.com/opinion/tucker-carlson-critical-race-theory-jeff-zucker,20200909T020000Z,foxnews.com,1,0,0,0,0,0,0,1,0,0,0,0,0,0,0,0,0,0,0,0,0,0,0,0,0,0,0,0,0,0,0,0,0,0,0,0,0,0,0,0,0,0,0,0,0,0,0,0,0,0,0
Professors nationwide push critical race theory narrative through massive # ScholarStrike  ,https://www.thecollegefix.com/professors-nationwide-push-critical-race-theory-narrative-through-massive-scholarstrike/,20200909T044500Z,thecollegefix.com,1,0,0,0,0,0,0,1,0,0,0,0,0,0,0,0,0,0,0,0,0,0,0,0,0,0,0,0,0,0,0,0,0,0,0,0,0,0,0,0,0,0,0,0,0,0,0,0,0,0,0
Trump seeks to end  critical race theory  brainwashing in federal agencies – NaturalNews . com,https://www.naturalnews.com/2020-09-08-trump-seeks-to-end-critical-race-theory-brainwashing-federal-agencies.html,20200909T064500Z,naturalnews.com,1,0,0,0,0,0,0,1,0,0,0,0,0,0,0,0,0,0,0,0,0,0,0,0,0,0,0,0,0,0,0,0,0,0,0,0,0,0,0,0,0,0,0,0,0,0,0,0,0,0,0
"Trump ends  critical race theory  training for federal employees , calls it a  sickness  ",https://www.legitgov.org/trump-ends-critical-race-theory-training-federal-employees-calls-it-sickness,20200909T090000Z,legitgov.org,2,0,0,0,0,0,0,2,0,0,0,0,0,0,0,0,0,0,0,0,0,0,0,0,0,0,0,0,0,0,0,0,0,0,0,0,0,0,0,0,0,0,0,0,0,0,0,0,0,0,0
Critical race theory is the most dangerous ideology in America today,https://www.americanthinker.com/blog/2020/09/critical_race_theory_is_the_most_dangerous_ideology_in_america_today.html,20200909T113000Z,americanthinker.com,1,0,0,0,0,0,0,1,0,0,0,0,0,0,0,0,0,0,0,0,0,0,0,0,0,0,0,0,0,0,0,0,0,0,0,0,0,0,0,0,0,0,0,0,0,0,0,0,0,0,0
Tucker Carlson : Critical race theory is a lie from start to finish – Investment Watch,https://www.investmentwatchblog.com/tucker-carlson-critical-race-theory-is-a-lie-from-start-to-finish/,20200909T134500Z,investmentwatchblog.com,1,0,0,0,0,0,0,1,0,0,0,0,0,0,0,0,0,0,0,0,0,0,0,0,0,0,0,0,0,0,0,0,0,0,0,0,0,0,0,0,0,0,0,0,0,0,0,0,0,0,0
"FNC Carlson :  Critical Race Theory Is a Lie , from the First Word to the Last , from Start to Finish -- It Is Vicious , It Is Cruel  ",https://www.breitbart.com/clips/2020/09/09/fncs-carlson-critical-race-theory-is-a-lie-from-the-first-word-to-the-last-from-start-to-finish-it-is-vicious-it-is-cruel/,20200909T151500Z,breitbart.com,2,0,0,0,0,0,0,2,0,0,0,0,0,0,0,0,0,0,0,0,0,0,0,0,0,0,0,0,0,0,0,0,0,0,0,0,0,0,0,0,0,0,0,0,0,0,0,0,0,0,0
Federal Government Bans Critical Race Theory Training,https://ricochet.com/800223/federal-government-bans-critical-race-theory-training/?load-more=true&pid=800223&_ajax_nonce=d2d766cb81,20200909T161500Z,ricochet.com,3,0,0,0,0,0,0,3,0,0,0,0,0,0,0,0,0,0,0,0,0,0,0,0,0,0,0,0,0,0,0,0,0,0,0,0,0,0,0,0,0,0,0,0,0,0,0,0,0,0,0
Trump wants  white privilege  and  critical race theory  purged from federal employee training materials,https://www.marketwatch.com/story/trump-wants-white-privilege-and-critical-race-theory-purged-from-federal-employee-training-materials-2020-09-04,20200909T183000Z,marketwatch.com,1,0,0,0,0,0,0,1,0,0,0,0,0,0,0,0,0,0,0,0,0,0,0,0,0,0,0,0,0,0,0,0,0,0,0,0,0,0,0,0,0,0,0,0,0,0,0,0,0,0,0
  Fat femme queer binary  says all whites are  racist devils  during critical race theory instruction,https://www.independentsentinel.com/fat-femme-queer-binary-says-all-whites-are-racist-devils-during-critical-race-theory-instruction/,20200910T004500Z,independentsentinel.com,1,0,0,0,0,0,0,1,0,0,0,0,0,0,0,0,0,0,0,0,0,0,0,0,0,0,0,0,0,0,0,0,0,0,0,0,0,0,0,0,0,0,0,0,0,0,0,0,0,0,0
Dulis : Critical Race Theory Endgame Is a  Thought Police Amendment  ,https://www.breitbart.com/politics/2020/09/09/dulis-critical-race-theorys-endgame-is-a-thought-police-amendment-to-the-constitution/,20200910T014500Z,breitbart.com,1,0,0,0,0,0,0,1,0,0,0,0,0,0,0,0,0,0,0,0,0,0,0,0,0,0,0,0,0,0,0,0,0,0,0,0,0,0,0,0,0,0,0,0,0,0,0,0,0,0,0
The DOE Must Push Critical Race Theory Out of Schools,https://pjmedia.com/columns/stacey-lennox/2020/09/09/critical-race-theory-starting-in-kindergarten-will-shred-our-social-fabric-and-it-is-already-here-n911572,20200910T051500Z,pjmedia.com,3,0,0,0,0,0,0,1,0,0,0,0,0,0,0,0,0,0,0,0,0,0,0,0,0,0,0,0,0,0,0,0,0,0,0,0,0,1,0,0,0,0,0,0,0,1,0,0,0,0,0
Has Joe Biden Done Critical Race Theory Diversity Training ? ,https://thefederalist.com/2020/09/10/has-joe-biden-done-critical-race-theory-diversity-training/,20200910T171500Z,thefederalist.com,1,0,0,0,0,0,0,1,0,0,0,0,0,0,0,0,0,0,0,0,0,0,0,0,0,0,0,0,0,0,0,0,0,0,0,0,0,0,0,0,0,0,0,0,0,0,0,0,0,0,0
Trump halts critical race theory training at federal agencies ; Christians respond,https://www.christianpost.com:443/politics/trump-halts-critical-race-theory-training-at-federal-agencies-christians-respond.html,20200910T180000Z,christianpost.com,3,0,0,0,0,0,0,3,0,0,0,0,0,0,0,0,0,0,0,0,0,0,0,0,0,0,0,0,0,0,0,0,0,0,0,0,0,0,0,0,0,0,0,0,0,0,0,0,0,0,0
Christopher Rufo Vs . The Critical Race Theory Goliath - American Renaissance,https://www.amren.com/news/2020/09/christopher-rufo-vs-the-critical-race-theory-goliath/,20200910T231500Z,amren.com,2,0,0,0,0,0,0,1,0,0,0,0,0,0,0,0,0,0,0,0,0,0,0,0,0,0,0,0,0,1,0,0,0,0,0,0,0,0,0,0,0,0,0,0,0,0,0,0,0,0,0
Josh Hawley calls on Congress to investigate  critical race theory  training scandal after Trump executive order,https://www.foxnews.com/politics/josh-hawley-critical-race-theory-dept-of-energy,20200911T001500Z,foxnews.com,1,0,0,0,0,0,0,1,0,0,0,0,0,0,0,0,0,0,0,0,0,0,0,0,0,0,0,0,0,0,0,0,0,0,0,0,0,0,0,0,0,0,0,0,0,0,0,0,0,0,0
The White House Is Right To Ditch Critical Race Theory,https://www.newsweek.com/white-house-right-ditch-critical-race-theory-opinion-1530756,20200911T121500Z,newsweek.com,2,0,0,0,0,0,0,2,0,0,0,0,0,0,0,0,0,0,0,0,0,0,0,0,0,0,0,0,0,0,0,0,0,0,0,0,0,0,0,0,0,0,0,0,0,0,0,0,0,0,0
Ethnocidal  Critical Race Theory  Is Upon Us Like White On Rice,https://www.amren.com/commentary/2020/09/critical-race-theory-christopher-rufo-ilana-mercer/,20200911T164500Z,amren.com,1,0,0,0,0,0,0,1,0,0,0,0,0,0,0,0,0,0,0,0,0,0,0,0,0,0,0,0,0,0,0,0,0,0,0,0,0,0,0,0,0,0,0,0,0,0,0,0,0,0,0
Ask Dr . Land : Do  white privilege  and  critical race theory  policies reduce racism ? ,https://www.christianpost.com/news/ask-dr-land-why-white-fragility-and-critical-race-theory-impedes-dr-kings-vision.html,20200911T174500Z,christianpost.com,2,0,0,0,0,0,0,2,0,0,0,0,0,0,0,0,0,0,0,0,0,0,0,0,0,0,0,0,0,0,0,0,0,0,0,0,0,0,0,0,0,0,0,0,0,0,0,0,0,0,0
Critical race theory used as political wedge,https://lasvegassun.com/news/2020/sep/11/critical-race-theory-used-as-political-wedge/,20200911T180000Z,lasvegassun.com,1,0,0,0,0,0,0,1,0,0,0,0,0,0,0,0,0,0,0,0,0,0,0,0,0,0,0,0,0,0,0,0,0,0,0,0,0,0,0,0,0,0,0,0,0,0,0,0,0,0,0
Dulis : Critical race theory endgame is a  thought police amendment  to the Constitution – NaturalNews . com,https://www.naturalnews.com/2020-09-11-critical-race-theory-endgame-thought-police-amendment.html,20200911T190000Z,naturalnews.com,1,0,0,0,0,0,0,1,0,0,0,0,0,0,0,0,0,0,0,0,0,0,0,0,0,0,0,0,0,0,0,0,0,0,0,0,0,0,0,0,0,0,0,0,0,0,0,0,0,0,0
Trump White House says critical race theory is anti - American . Here the truth . ,https://www.nbcnews.com/think/opinion/trump-s-white-house-says-critical-race-theory-anti-american-ncna1239825,20200911T190000Z,nbcnews.com,1,0,0,0,0,0,0,1,0,0,0,0,0,0,0,0,0,0,0,0,0,0,0,0,0,0,0,0,0,0,0,0,0,0,0,0,0,0,0,0,0,0,0,0,0,0,0,0,0,0,0
Ethnocidal  Critical Race Theory  Is Upon Us Like White On Rice By Ilana Mercer,http://www.ruthfullyyours.com/2020/09/14/ethnocidal-critical-race-theory-is-upon-us-like-white-on-rice-by-ilana-mercer/,20200914T133000Z,ruthfullyyours.com,1,0,0,0,0,0,0,1,0,0,0,0,0,0,0,0,0,0,0,0,0,0,0,0,0,0,0,0,0,0,0,0,0,0,0,0,0,0,0,0,0,0,0,0,0,0,0,0,0,0,0
Will Virginia Teach Critical Race Theory to Kindergartners ? ,https://cnsnews.com/commentary/hans-bader/will-virginia-teach-critical-race-theory-kindergartners,20200914T154500Z,cnsnews.com,8,0,0,0,0,0,0,4,0,0,0,0,0,0,4,0,0,0,0,0,0,0,0,0,0,0,0,0,0,0,0,0,0,0,0,0,0,0,0,0,0,0,0,0,0,0,0,0,0,0,0
CDC Moving Ahead with Critical Race Theory Trainings Despite Trump Order,https://news.yahoo.com/cdc-moving-ahead-critical-race-204124722.html,20200914T211500Z,news.yahoo.com,1,0,0,0,0,0,0,1,0,0,0,0,0,0,0,0,0,0,0,0,0,0,0,0,0,0,0,0,0,0,0,0,0,0,0,0,0,0,0,0,0,0,0,0,0,0,0,0,0,0,0
Report CDC to violate President EO to end critical race theory training,https://www.independentsentinel.com/report-cdc-to-violate-presidents-eo-to-end-critical-race-theory-training/,20200915T004500Z,independentsentinel.com,1,0,0,0,0,0,0,1,0,0,0,0,0,0,0,0,0,0,0,0,0,0,0,0,0,0,0,0,0,0,0,0,0,0,0,0,0,0,0,0,0,0,0,0,0,0,0,0,0,0,0
"CDC defies Trump , proceeds with critical race theory training despite executive order",https://therightscoop.com/cdc-defies-trump-proceeds-with-critical-race-theory-training-despite-executive-order/,20200915T024500Z,therightscoop.com,1,0,0,0,0,0,0,1,0,0,0,0,0,0,0,0,0,0,0,0,0,0,0,0,0,0,0,0,0,0,0,0,0,0,0,0,0,0,0,0,0,0,0,0,0,0,0,0,0,0,0
The CDC blatantly violates a Trump order regarding Critical Race Theory,https://www.americanthinker.com/blog/2020/09/the_cdc_blatantly_violates_a_trump_order_regarding_critical_race_theory_.html,20200915T110000Z,americanthinker.com,1,0,0,0,0,0,0,1,0,0,0,0,0,0,0,0,0,0,0,0,0,0,0,0,0,0,0,0,0,0,0,0,0,0,0,0,0,0,0,0,0,0,0,0,0,0,0,0,0,0,0
OMB Director Russell Vought On The Decision To Defund The  Problematic and Un - American  Critical Race Theory In Federal Agencies,https://ricochet.com/podcast/federalist-radio-hour/omb-director-russell-vought-on-the-decision-to-defund-the-problematic-and-un-american-critical-race-theory-in-federal-agencies/,20200915T150000Z,ricochet.com,1,0,0,0,0,0,0,1,0,0,0,0,0,0,0,0,0,0,0,0,0,0,0,0,0,0,0,0,0,0,0,0,0,0,0,0,0,0,0,0,0,0,0,0,0,0,0,0,0,0,0
OMB Director Russell Vought On Defunding Critical Race Theory In Federal Agencies,https://thefederalist.com/2020/09/15/omb-director-russell-vought-on-defunding-critical-race-theory-in-federal-agencies/,20200915T160000Z,thefederalist.com,1,0,0,0,0,0,0,1,0,0,0,0,0,0,0,0,0,0,0,0,0,0,0,0,0,0,0,0,0,0,0,0,0,0,0,0,0,0,0,0,0,0,0,0,0,0,0,0,0,0,0
"CDC reportedly defying Trump EO , moving ahead with  critical race theory  training sessions",https://www.bizpacreview.com/2020/09/15/cdc-reportedly-defying-trump-eo-moving-ahead-with-critical-race-theory-training-sessions-972822,20200915T171500Z,bizpacreview.com,1,0,0,0,0,0,0,1,0,0,0,0,0,0,0,0,0,0,0,0,0,0,0,0,0,0,0,0,0,0,0,0,0,0,0,0,0,0,0,0,0,0,0,0,0,0,0,0,0,0,0
CDC Critical Race Theory Training Violating Trump Ban Canceled After Whistle Blown,https://www.theepochtimes.com/cdcs-critical-race-theory-training-violating-trumps-ban-cancelled-after-whistle-blown_3500728.html,20200915T180000Z,theepochtimes.com,1,0,0,0,0,0,0,1,0,0,0,0,0,0,0,0,0,0,0,0,0,0,0,0,0,0,0,0,0,0,0,0,0,0,0,0,0,0,0,0,0,0,0,0,0,0,0,0,0,0,0
CRT Energy Assistance Program | News Radio 1410 AM & 100 . 9 FM,https://newsradio1410.iheart.com/content/2020-09-15-crt-energy-assistance-program/,20200915T190000Z,newsradio1410.iheart.com,1,0,0,0,0,0,0,1,0,0,0,0,0,0,0,0,0,0,0,0,0,0,0,0,0,0,0,0,0,0,0,0,0,0,0,0,0,0,0,0,0,0,0,0,0,0,0,0,0,0,0
CRT Energy Assistance Program | Country 92 - 5,https://country925.iheart.com/content/2020-09-15-crt-energy-assistance-program/,20200915T194500Z,country925.iheart.com,1,0,0,0,0,0,0,1,0,0,0,0,0,0,0,0,0,0,0,0,0,0,0,0,0,0,0,0,0,0,0,0,0,0,0,0,0,0,0,0,0,0,0,0,0,0,0,0,0,0,0
CRT Energy Assistance Program | The River 105 . 9,https://theriver1059.iheart.com/content/2020-09-15-crt-energy-assistance-program/,20200915T203000Z,theriver1059.iheart.com,1,0,0,0,0,0,0,1,0,0,0,0,0,0,0,0,0,0,0,0,0,0,0,0,0,0,0,0,0,0,0,0,0,0,0,0,0,0,0,0,0,0,0,0,0,0,0,0,0,0,0
White House Cancels CDC Critical Race Theory Training Program,https://www.breitbart.com/politics/2020/09/15/white-house-cancels-cdc-critical-race-theory-training-program/,20200915T210000Z,breitbart.com,1,0,0,0,0,0,0,1,0,0,0,0,0,0,0,0,0,0,0,0,0,0,0,0,0,0,0,0,0,0,0,0,0,0,0,0,0,0,0,0,0,0,0,0,0,0,0,0,0,0,0
Trump admin shuts down CDC training that purportedly flouted executive order on critical race theory,https://www.foxnews.com/politics/cdc-critical-race-theory-training,20200915T223000Z,foxnews.com,1,0,0,0,0,0,0,1,0,0,0,0,0,0,0,0,0,0,0,0,0,0,0,0,0,0,0,0,0,0,0,0,0,0,0,0,0,0,0,0,0,0,0,0,0,0,0,0,0,0,0
"Unsubscribing , Solidarity Statements , Critical Race Theory , And The Enervation Of One Quadruple - Minority Professor",https://abovethelaw.com/2020/09/unsubscribing-solidarity-statements-critical-race-theory-and-the-enervation-of-one-quadruple-minority-professor/,20200915T231500Z,abovethelaw.com,2,0,0,0,0,0,0,1,1,0,0,0,0,0,0,0,0,0,0,0,0,0,0,0,0,0,0,0,0,0,0,0,0,0,0,0,0,0,0,0,0,0,0,0,0,0,0,0,0,0,0
CRT Energy Assistance Program,https://kc101.iheart.com/content/2020-09-15-crt-energy-assistance-program/,20200916T010000Z,kc101.iheart.com,2,0,0,0,0,0,0,2,0,0,0,0,0,0,0,0,0,0,0,0,0,0,0,0,0,0,0,0,0,0,0,0,0,0,0,0,0,0,0,0,0,0,0,0,0,0,0,0,0,0,0
CDC Defies Trump Ban on Critical Race Theory Training,https://www.980waav.com/news/cdc-defies-trump-ban-on-critical-race-theory-training/,20200916T041500Z,980waav.com,2,0,0,0,0,0,0,2,0,0,0,0,0,0,0,0,0,0,0,0,0,0,0,0,0,0,0,0,0,0,0,0,0,0,0,0,0,0,0,0,0,0,0,0,0,0,0,0,0,0,0
White House cancels CDC  critical race theory  training after Trump banned it as  divisive  -- Puppet Masters -- Sott . net,https://www.sott.net/article/441455-White-House-cancels-CDCs-critical-race-theory-training-after-Trump-banned-it-as-divisive,20200916T121500Z,sott.net,1,0,0,0,0,0,0,1,0,0,0,0,0,0,0,0,0,0,0,0,0,0,0,0,0,0,0,0,0,0,0,0,0,0,0,0,0,0,0,0,0,0,0,0,0,0,0,0,0,0,0
"Thomas Gallatin : Marxist CRT Infecting Entire Govt , Thanks to Obama The Patriot Post",https://patriotpost.us/articles/73480-marxist-crt-infecting-entire-govt-thanks-to-obama-2020-09-16,20200916T161500Z,patriotpost.us,1,0,0,0,0,0,0,1,0,0,0,0,0,0,0,0,0,0,0,0,0,0,0,0,0,0,0,0,0,0,0,0,0,0,0,0,0,0,0,0,0,0,0,0,0,0,0,0,0,0,0
Pull up a chair and let John MacArthur perfectly summarize the cancer of Critical Race Theory for you -- Society Child -- Sott . net,https://www.sott.net/article/441463-Pull-up-a-chair-and-let-John-MacArthur-perfectly-summarize-the-cancer-of-Critical-Race-Theory-for-you,20200916T220000Z,sott.net,1,0,0,0,0,0,0,1,0,0,0,0,0,0,0,0,0,0,0,0,0,0,0,0,0,0,0,0,0,0,0,0,0,0,0,0,0,0,0,0,0,0,0,0,0,0,0,0,0,0,0
Critical Race Theory Indoctrination in Our Schools,http://www.frontpagemag.com/fpm/2020/09/critical-race-theory-indoctrination-our-schools-joseph-klein/,20200917T040000Z,frontpagemag.com,3,0,0,0,0,0,0,1,0,0,0,0,0,0,1,0,0,0,0,0,0,0,0,0,0,0,0,0,0,0,0,0,0,0,0,0,1,0,0,0,0,0,0,0,0,0,0,0,0,0,0
What Is Critical Race Theory and Why Is Trump Afraid of It ? ,https://www.thenation.com/article/politics/trump-critical-race-theory/,20200917T093000Z,thenation.com,1,0,0,0,0,0,0,1,0,0,0,0,0,0,0,0,0,0,0,0,0,0,0,0,0,0,0,0,0,0,0,0,0,0,0,0,0,0,0,0,0,0,0,0,0,0,0,0,0,0,0
UC law deans refute federal government criticism of Critical Race Theory,https://www.dailycal.org/2020/09/17/uc-law-school-deans-refute-federal-government-criticism-of-critical-race-theory/,20200917T130000Z,dailycal.org,1,0,0,0,0,0,0,1,0,0,0,0,0,0,0,0,0,0,0,0,0,0,0,0,0,0,0,0,0,0,0,0,0,0,0,0,0,0,0,0,0,0,0,0,0,0,0,0,0,0,0
Trump crack down on  critical race theory  training leads to cancelation of Justice Department  unconscious bia program,https://www.marketwatch.com/story/trumps-crack-down-on-critical-race-theory-training-leads-to-cancelation-of-justice-department-unconscious-bias-program-2020-09-17,20200917T133000Z,marketwatch.com,4,0,0,0,0,0,0,2,0,0,0,0,0,0,0,0,0,0,0,0,0,0,0,0,0,0,0,0,0,0,0,0,0,2,0,0,0,0,0,0,0,0,0,0,0,0,0,0,0,0,0
Critical Race Theory Indoctrination in Our Schools - American Renaissance,https://www.amren.com/news/2020/09/critical-race-theory-indoctrination-in-our-schools/,20200917T193000Z,amren.com,3,0,0,0,0,0,0,1,0,0,0,0,0,0,1,0,0,0,0,0,0,0,0,0,0,0,0,0,0,0,0,0,0,0,0,0,1,0,0,0,0,0,0,0,0,0,0,0,0,0,0
"Trump takes aim at cancel culture , calls 1619 Project and Critical - Race Theory  ideological poison  ",https://www.washingtontimes.com/news/2020/sep/17/trump-takes-aim-cancel-culture-calls-1619-project-/,20200917T193000Z,washingtontimes.com,1,0,0,0,0,0,0,1,0,0,0,0,0,0,0,0,0,0,0,0,0,0,0,0,0,0,0,0,0,0,0,0,0,0,0,0,0,0,0,0,0,0,0,0,0,0,0,0,0,0,0
Seditious CDC moves forward with  critical race theory  instruction blaming white people for racism despite Trump order to shut it down – NaturalNews . com,https://www.naturalnews.com/2020-09-17-seditious-cdc-moves-forward-critical-race-theory-instruction.html,20200917T194500Z,naturalnews.com,1,0,0,0,0,0,0,1,0,0,0,0,0,0,0,0,0,0,0,0,0,0,0,0,0,0,0,0,0,0,0,0,0,0,0,0,0,0,0,0,0,0,0,0,0,0,0,0,0,0,0
"Trump Takes Aim at Critical Race Theory , Proposes  Patriotic Education  Commission",https://www.theepochtimes.com/trump-takes-aim-at-critical-race-theory-proposes-patriotic-education-commission_3504254.html,20200917T203000Z,theepochtimes.com,2,0,0,0,0,0,0,1,0,0,0,0,0,0,0,0,0,0,0,0,0,0,0,0,0,0,0,0,0,0,0,0,0,0,0,0,0,0,0,0,0,0,0,0,1,0,0,0,0,0,0
Christopher Rufo on Critical Race Theory and the Trump Admin Recent Ban,https://www.theepochtimes.com/christopher-rufo-on-critical-race-theory-and-the-trump-admins-recent-ban_3504100.html,20200917T204500Z,theepochtimes.com,1,0,0,0,0,0,0,1,0,0,0,0,0,0,0,0,0,0,0,0,0,0,0,0,0,0,0,0,0,0,0,0,0,0,0,0,0,0,0,0,0,0,0,0,0,0,0,0,0,0,0
Constitution Day : Trump Announces  1776 Commission  to Fight CRT Propaganda,https://www.breitbart.com/politics/2020/09/17/constitution-day-donald-trump-announces-1776-commission-to-fight-left-wing-indoctrination/,20200917T211500Z,breitbart.com,1,0,0,0,0,0,0,1,0,0,0,0,0,0,0,0,0,0,0,0,0,0,0,0,0,0,0,0,0,0,0,0,0,0,0,0,0,0,0,0,0,0,0,0,0,0,0,0,0,0,0
Seditious CDC moves forward with  critical race theory  instruction blaming white people for racism despite Trump order to shut it down,http://revolutionradio.org/2020/09/17/seditious-cdc-moves-forward-with-critical-race-theory-instruction-blaming-white-people-for-racism-despite-trump-order-to-shut-it-down/,20200917T221500Z,revolutionradio.org,1,0,0,0,0,0,0,1,0,0,0,0,0,0,0,0,0,0,0,0,0,0,0,0,0,0,0,0,0,0,0,0,0,0,0,0,0,0,0,0,0,0,0,0,0,0,0,0,0,0,0
"President Trump Ban On Critical Race Theory , Explained",https://www.zerohedge.com/political/president-trumps-ban-critical-race-theory-explained,20200918T000000Z,zerohedge.com,1,0,0,0,0,0,0,1,0,0,0,0,0,0,0,0,0,0,0,0,0,0,0,0,0,0,0,0,0,0,0,0,0,0,0,0,0,0,0,0,0,0,0,0,0,0,0,0,0,0,0
"4 Key Moments From Trump Speech on History , Critical Race Theory",https://www.dailysignal.com/2020/09/17/4-key-moments-from-trumps-speech-on-history-critical-race-theory/,20200918T034500Z,dailysignal.com,1,0,0,0,0,0,0,1,0,0,0,0,0,0,0,0,0,0,0,0,0,0,0,0,0,0,0,0,0,0,0,0,0,0,0,0,0,0,0,0,0,0,0,0,0,0,0,0,0,0,0
The man behind Trump campaign against  critical race theory  ,https://news.yahoo.com/the-man-behind-trumps-campaign-against-critical-race-theory-120005948.html,20200918T131500Z,news.yahoo.com,1,0,0,0,0,0,0,1,0,0,0,0,0,0,0,0,0,0,0,0,0,0,0,0,0,0,0,0,0,0,0,0,0,0,0,0,0,0,0,0,0,0,0,0,0,0,0,0,0,0,0
Critical Race Theory in American Classrooms,https://www.city-journal.org:443/critical-race-theory-in-american-classrooms,20200918T163000Z,city-journal.org,1,0,0,0,0,0,0,1,0,0,0,0,0,0,0,0,0,0,0,0,0,0,0,0,0,0,0,0,0,0,0,0,0,0,0,0,0,0,0,0,0,0,0,0,0,0,0,0,0,0,0
"  It will destroy our country : Trump targets school curriculums teaching  Marxist doctrines , critical race theory",https://www.stripes.com/news/us/it-will-destroy-our-country-trump-targets-school-curriculums-teaching-marxist-doctrines-critical-race-theory-1.645612,20200918T170000Z,stripes.com,2,0,0,0,0,0,0,1,0,0,0,0,0,0,0,0,0,0,0,0,0,0,0,0,0,0,0,0,0,0,0,0,0,0,0,0,0,0,0,0,0,0,0,0,1,0,0,0,0,0,0
"FNC Carlson : Well Look Back on Incorporating BLM , 1619 Project , Critical Race Theory in Schools in  Shame and Horror  ",https://www.breitbart.com/politics/2020/09/18/fncs-carlson-well-look-back-on-incorporating-blm-1619-project-critical-race-theory-in-schools-in-shame-and-horror/,20200918T191500Z,breitbart.com,6,0,0,0,0,0,0,2,0,0,0,0,0,0,0,0,0,0,0,0,0,0,0,0,0,0,0,0,0,0,0,0,0,0,0,0,0,0,0,0,0,0,0,0,2,0,0,0,0,0,2
Here why Trump and his supporters are so threatened by  critical race theory  ,https://www.alternet.org/2020/09/heres-why-trump-and-his-supporters-are-so-threatened-by-critical-race-theory/,20200918T194500Z,alternet.org,2,0,0,0,0,0,0,1,0,0,0,0,0,0,0,0,0,0,0,0,0,0,0,0,0,0,0,0,1,0,0,0,0,0,0,0,0,0,0,0,0,0,0,0,0,0,0,0,0,0,0
"Trump takes on 1619 Project , critical race theory . ",https://slate.com/news-and-politics/2020/09/trump-takes-on-1619-project-critical-race-theory.html,20200918T230000Z,slate.com,1,0,0,0,0,0,0,1,0,0,0,0,0,0,0,0,0,0,0,0,0,0,0,0,0,0,0,0,0,0,0,0,0,0,0,0,0,0,0,0,0,0,0,0,0,0,0,0,0,0,0
Quotation of the day on the  1619 Project  and  critical race theory …. | American Enterprise Institute,https://www.aei.org/carpe-diem/quotation-of-the-day-on-the-1619-project-and-critical-race-theory-2/,20200919T024500Z,aei.org,1,0,0,0,0,0,0,1,0,0,0,0,0,0,0,0,0,0,0,0,0,0,0,0,0,0,0,0,0,0,0,0,0,0,0,0,0,0,0,0,0,0,0,0,0,0,0,0,0,0,0
"RIGHT SPEAK : President Trump Takes Aim at Cancel Culture , Calls 1619 Project and Critical - Race Theory  ideological poison ; Announces EO Establishing  1776 Commission  To Combat  1619 Project , and other related stories",http://www.rightspeak.net/2020/09/president-trump-takes-aim-at-cancel.html,20200919T050000Z,rightspeak.net,1,0,0,0,0,0,0,1,0,0,0,0,0,0,0,0,0,0,0,0,0,0,0,0,0,0,0,0,0,0,0,0,0,0,0,0,0,0,0,0,0,0,0,0,0,0,0,0,0,0,0
Trump crackdown on  critical race theory  training leads to cancellation of Justice Department  unconscious bia program,https://www.msn.com/en-us/news/politics/trump-s-crackdown-on-critical-race-theory-training-leads-to-cancellation-of-justice-department-unconscious-bias-program/ar-BB198EQW,20200919T090000Z,msn.com,5,0,0,0,0,0,0,3,0,0,0,0,0,0,0,0,0,0,0,0,0,0,0,0,0,0,0,0,0,0,0,0,0,2,0,0,0,0,0,0,0,0,0,0,0,0,0,0,0,0,0
Swarthmore College student paper : Mandate critical race theory for graduation,https://www.thecollegefix.com/swarthmore-college-student-paper-mandate-critical-race-theory-for-graduation/,20200921T000000Z,thecollegefix.com,1,0,0,0,0,0,0,1,0,0,0,0,0,0,0,0,0,0,0,0,0,0,0,0,0,0,0,0,0,0,0,0,0,0,0,0,0,0,0,0,0,0,0,0,0,0,0,0,0,0,0
"Trump ban on Critical Race Theory , explained » MercatorNet",https://mercatornet.com/trumps-ban-on-critical-race-theory-explained/66754/,20200921T050000Z,mercatornet.com,1,0,0,0,0,0,0,1,0,0,0,0,0,0,0,0,0,0,0,0,0,0,0,0,0,0,0,0,0,0,0,0,0,0,0,0,0,0,0,0,0,0,0,0,0,0,0,0,0,0,0
10 most extreme  Critical Race Theory  classes & trainings at US colleges,https://campusreform.org/?id=15687,20200921T173000Z,campusreform.org,6,0,0,0,0,0,0,1,1,0,0,0,0,0,0,2,0,0,0,0,0,0,0,0,0,0,0,0,0,0,0,0,0,0,0,0,0,0,0,1,0,0,0,0,0,0,0,0,0,1,0
"What is critical race theory , President Trump latest political target ? ",https://www.bostonglobe.com/2020/09/21/metro/what-is-critical-race-theory-president-trumps-latest-political-target/,20200921T190000Z,bostonglobe.com,2,0,0,0,0,0,0,1,0,0,0,0,0,0,0,0,0,0,0,0,0,0,0,1,0,0,0,0,0,0,0,0,0,0,0,0,0,0,0,0,0,0,0,0,0,0,0,0,0,0,0
The Orwellian Indoctrination of Kindergarteners With Critical Race Theory Is Outrageous and Must Be Stopped,https://www.lewrockwell.com/2020/09/no_author/the-orwellian-indoctrination-of-kindergarteners-with-critical-race-theory-is-outrageous-and-must-be-stopped/,20200922T083000Z,lewrockwell.com,1,0,0,0,0,0,0,1,0,0,0,0,0,0,0,0,0,0,0,0,0,0,0,0,0,0,0,0,0,0,0,0,0,0,0,0,0,0,0,0,0,0,0,0,0,0,0,0,0,0,0
The new religion of critical race theory,https://www.christianpost.com:443/voices/the-new-religion-of-critical-race-theory.html,20200922T150000Z,christianpost.com,1,0,0,0,0,0,0,1,0,0,0,0,0,0,0,0,0,0,0,0,0,0,0,0,0,0,0,0,0,0,0,0,0,0,0,0,0,0,0,0,0,0,0,0,0,0,0,0,0,0,0
The 10 Most Extreme  Critical Race Theory  Classes & Trainings At US Colleges,https://www.zerohedge.com/political/10-most-extreme-critical-race-theory-classes-trainings-us-colleges,20200922T224500Z,zerohedge.com,5,0,0,0,0,0,0,1,1,0,0,0,0,0,0,2,0,0,0,0,0,0,0,0,0,0,0,0,0,0,0,0,0,0,0,0,0,0,0,1,0,0,0,0,0,0,0,0,0,0,0
Trump signs executive order barring critical - race theory training by federal contractors,https://www.washingtontimes.com/news/2020/sep/22/trump-signs-executive-order-barring-critical-race-/,20200923T003000Z,washingtontimes.com,1,0,0,0,0,0,0,1,0,0,0,0,0,0,0,0,0,0,0,0,0,0,0,0,0,0,0,0,0,0,0,0,0,0,0,0,0,0,0,0,0,0,0,0,0,0,0,0,0,0,0
Good : President Trump executive order abolishing critical race theory has the potential  to cripple hundreds of academic projects  ,https://twitchy.com/brettt-3136/2020/09/22/good-president-trumps-executive-order-abolishing-critical-race-theory-has-the-potential-to-cripple-hundreds-of-academic-projects/,20200923T041500Z,twitchy.com,2,0,0,0,0,0,0,2,0,0,0,0,0,0,0,0,0,0,0,0,0,0,0,0,0,0,0,0,0,0,0,0,0,0,0,0,0,0,0,0,0,0,0,0,0,0,0,0,0,0,0
Trump Signs Order to Combat Critical Race Theory Training by Federal Contractors,https://www.theepochtimes.com/trump-signs-order-to-combat-critical-race-theory-training-by-federal-contractors_3510603.html,20200923T041500Z,theepochtimes.com,1,0,0,0,0,0,0,1,0,0,0,0,0,0,0,0,0,0,0,0,0,0,0,0,0,0,0,0,0,0,0,0,0,0,0,0,0,0,0,0,0,0,0,0,0,0,0,0,0,0,0
Trump vs . Critical Race Theory | Frontpagemag,http://www.frontpagemag.com/fpm/2020/09/trump-blasts-marxist-doctrine-known-critical-race-frontpagemagcom/,20200923T041500Z,frontpagemag.com,1,0,0,0,0,0,0,1,0,0,0,0,0,0,0,0,0,0,0,0,0,0,0,0,0,0,0,0,0,0,0,0,0,0,0,0,0,0,0,0,0,0,0,0,0,0,0,0,0,0,0
Reuters editor calls White House order banning government training on critical race theory  bananas  ,https://twitchy.com/brettt-3136/2020/09/22/reuters-editor-calls-white-house-order-banning-government-training-on-critical-race-theory-bananas/,20200923T041500Z,twitchy.com,1,0,0,0,0,0,0,1,0,0,0,0,0,0,0,0,0,0,0,0,0,0,0,0,0,0,0,0,0,0,0,0,0,0,0,0,0,0,0,0,0,0,0,0,0,0,0,0,0,0,0
"Trump strikes a second , massive blow against Critical Race theory",https://www.americanthinker.com/blog/2020/09/trump_strikes_a_second_massive_blow_against_critical_race_theory.html,20200923T101500Z,americanthinker.com,1,0,0,0,0,0,0,1,0,0,0,0,0,0,0,0,0,0,0,0,0,0,0,0,0,0,0,0,0,0,0,0,0,0,0,0,0,0,0,0,0,0,0,0,0,0,0,0,0,0,0
"Trump strikes a second , massive blow against Critical Race theory By Andrea Widburg",http://www.ruthfullyyours.com/2020/09/23/trump-strikes-a-second-massive-blow-against-critical-race-theory-by-andrea-widburg/,20200923T121500Z,ruthfullyyours.com,1,0,0,0,0,0,0,1,0,0,0,0,0,0,0,0,0,0,0,0,0,0,0,0,0,0,0,0,0,0,0,0,0,0,0,0,0,0,0,0,0,0,0,0,0,0,0,0,0,0,0
"Just Like Freud Psychoanalysis , Critical Race Theory Will Be Discredited",https://thefederalist.com/2020/09/23/just-like-freuds-psychoanalysis-critical-race-theory-will-ultimately-collapse/,20200923T131500Z,thefederalist.com,2,0,0,0,0,0,0,1,0,0,1,0,0,0,0,0,0,0,0,0,0,0,0,0,0,0,0,0,0,0,0,0,0,0,0,0,0,0,0,0,0,0,0,0,0,0,0,0,0,0,0
Trump expands ban on critical race theory to federal contractors,https://canadafreepress.com/article/trump-expands-ban-on-critical-race-theory-to-federal-contractors,20200923T131500Z,canadafreepress.com,1,0,0,0,0,0,0,1,0,0,0,0,0,0,0,0,0,0,0,0,0,0,0,0,0,0,0,0,0,0,0,0,0,0,0,0,0,0,0,0,0,0,0,0,0,0,0,0,0,0,0
Trump Extends Ban on Critical Race Theory to Federal Contractors,https://www.breitbart.com/news/trump-extends-ban-on-anti-racism-training-for-federal-contractors/,20200923T133000Z,breitbart.com,1,0,0,0,0,0,0,1,0,0,0,0,0,0,0,0,0,0,0,0,0,0,0,0,0,0,0,0,0,0,0,0,0,0,0,0,0,0,0,0,0,0,0,0,0,0,0,0,0,0,0
Thomas Gallatin :  Critical Race  Training Banned for Fed Contractors The Patriot Post,https://patriotpost.us/articles/73660-critical-race-training-banned-for-fed-contractors-2020-09-23,20200923T151500Z,patriotpost.us,1,0,0,0,0,0,0,1,0,0,0,0,0,0,0,0,0,0,0,0,0,0,0,0,0,0,0,0,0,0,0,0,0,0,0,0,0,0,0,0,0,0,0,0,0,0,0,0,0,0,0
"Weve Seen This Movie Before : Just Like Freud Psychoanalysis , Critical Race Theory Will Ultimately Collapse",http://freerepublic.com/focus/f-news/3886882/posts,20200923T151500Z,freerepublic.com,2,0,0,0,0,0,0,1,0,0,1,0,0,0,0,0,0,0,0,0,0,0,0,0,0,0,0,0,0,0,0,0,0,0,0,0,0,0,0,0,0,0,0,0,0,0,0,0,0,0,0
Pres . Trump Executive Order Banning Critical Race Theory Doctrine Will Rock Universities Across the Country,https://www.redstate.com/shipwreckedcrew/2020/09/23/pres-trumps-executive-order-banning-critical-race-theory-doctrine-will-rock-universities-across-the-country/,20200923T154500Z,redstate.com,1,0,0,0,0,0,0,1,0,0,0,0,0,0,0,0,0,0,0,0,0,0,0,0,0,0,0,0,0,0,0,0,0,0,0,0,0,0,0,0,0,0,0,0,0,0,0,0,0,0,0
Trump Directive on Critical Race Theory Affirms Martin Luther King Jr . Vision,http://freerepublic.com/focus/f-news/3886900/posts,20200923T163000Z,freerepublic.com,1,0,0,0,0,0,0,1,0,0,0,0,0,0,0,0,0,0,0,0,0,0,0,0,0,0,0,0,0,0,0,0,0,0,0,0,0,0,0,0,0,0,0,0,0,0,0,0,0,0,0
"Trump Strikes a Second , Massive Blow Against Critical Race Theory",https://www.amren.com/news/2020/09/trump-strikes-a-second-massive-blow-against-critical-race-theory/,20200923T173000Z,amren.com,1,0,0,0,0,0,0,1,0,0,0,0,0,0,0,0,0,0,0,0,0,0,0,0,0,0,0,0,0,0,0,0,0,0,0,0,0,0,0,0,0,0,0,0,0,0,0,0,0,0,0
Trump Bans Companies That Use  Critical Race Theory  From Getting Govt . Contracts,https://pjmedia.com/news-and-politics/megan-fox/2020/09/23/trump-bans-companies-that-use-critical-race-theory-from-getting-govt-contracts-n958223,20200923T183000Z,pjmedia.com,1,0,0,0,0,0,0,1,0,0,0,0,0,0,0,0,0,0,0,0,0,0,0,0,0,0,0,0,0,0,0,0,0,0,0,0,0,0,0,0,0,0,0,0,0,0,0,0,0,0,0
Trump Expands Fight Against Critical Race Theory to Federal Contractors,https://www.breitbart.com/politics/2020/09/22/trump-expands-fight-against-critical-race-theory-to-private-contractors/,20200923T191500Z,breitbart.com,1,0,0,0,0,0,0,1,0,0,0,0,0,0,0,0,0,0,0,0,0,0,0,0,0,0,0,0,0,0,0,0,0,0,0,0,0,0,0,0,0,0,0,0,0,0,0,0,0,0,0
 # DELETED : Critical Race Theory Dominates Big Tech,https://www.breitbart.com/politics/2020/09/23/deleted-big-tech-racist-critical-race-theory/,20200923T214500Z,breitbart.com,2,0,0,0,0,0,0,2,0,0,0,0,0,0,0,0,0,0,0,0,0,0,0,0,0,0,0,0,0,0,0,0,0,0,0,0,0,0,0,0,0,0,0,0,0,0,0,0,0,0,0
The unbiblical theory of critical race,https://www.christianpost.com:443/voices/the-unbiblical-theory-of-critical-race.html,20200923T230000Z,christianpost.com,1,0,0,0,0,0,0,1,0,0,0,0,0,0,0,0,0,0,0,0,0,0,0,0,0,0,0,0,0,0,0,0,0,0,0,0,0,0,0,0,0,0,0,0,0,0,0,0,0,0,0
Trump Strikes A Second Major Blow Against  Critical Race Theory  ,https://www.zerohedge.com/political/trump-strikes-second-major-blow-against-critical-race-theory,20200924T013000Z,zerohedge.com,1,0,0,0,0,0,0,1,0,0,0,0,0,0,0,0,0,0,0,0,0,0,0,0,0,0,0,0,0,0,0,0,0,0,0,0,0,0,0,0,0,0,0,0,0,0,0,0,0,0,0
"Trump Exec Order on  A New Nation , Unique Among Countries of the World  vs . Critical Race Theory",https://larouchepub.com/pr/2020/20200923_exec_order.html,20200924T163000Z,larouchepub.com,1,0,0,0,0,0,0,1,0,0,0,0,0,0,0,0,0,0,0,0,0,0,0,0,0,0,0,0,0,0,0,0,0,0,0,0,0,0,0,0,0,0,0,0,0,0,0,0,0,0,0
"Critical race theory and Trump executive order on diversity training , explained",https://www.vox.com/2020/9/24/21451220/critical-race-theory-diversity-training-trump,20200924T190000Z,vox.com,1,0,0,0,0,0,0,1,0,0,0,0,0,0,0,0,0,0,0,0,0,0,0,0,0,0,0,0,0,0,0,0,0,0,0,0,0,0,0,0,0,0,0,0,0,0,0,0,0,0,0
Donald Trump Says Critical Race Theory is  Like a Cancer  ,http://www.msn.com/en-us/news/politics/donald-trump-says-critical-race-theory-is-like-a-cancer/ar-BB19oMQp,20200925T023000Z,msn.com,1,0,0,0,0,0,0,1,0,0,0,0,0,0,0,0,0,0,0,0,0,0,0,0,0,0,0,0,0,0,0,0,0,0,0,0,0,0,0,0,0,0,0,0,0,0,0,0,0,0,0
Legal Theory Blog : Savage on the Religion of Race & the Supreme Court,https://lsolum.typepad.com/legaltheory/2020/09/savage-on-the-religion-of-race-the-supreme-court.html,20200925T161500Z,lsolum.typepad.com,1,0,0,0,0,0,0,0,0,0,0,0,0,0,0,0,0,0,0,0,0,0,0,0,0,0,0,0,0,0,0,0,0,1,0,0,0,0,0,0,0,0,0,0,0,0,0,0,0,0,0
Critical Race Theory Activists Destroying STEM High School,https://www.realclearpolitics.com/2020/09/25/critical_race_theory_activists_destroying_stem_high_school_524540.html,20200925T191500Z,realclearpolitics.com,1,0,0,0,0,0,0,0,0,0,0,0,0,0,1,0,0,0,0,0,0,0,0,0,0,0,0,0,0,0,0,0,0,0,0,0,0,0,0,0,0,0,0,0,0,0,0,0,0,0,0
White Pill at the Right Time : Trump Expands Ban on Anti - White Critical Race Theory to Federal Contractors ( As Well as Executive Branch Agencies ) | Blog Posts,https://vdare.com/posts/white-pill-at-the-right-time-trump-expands-ban-on-anti-white-critical-race-theory-to-federal-contractors-as-well-as-executive-branch-agencies,20200925T221500Z,vdare.com,1,0,0,0,0,0,0,1,0,0,0,0,0,0,0,0,0,0,0,0,0,0,0,0,0,0,0,0,0,0,0,0,0,0,0,0,0,0,0,0,0,0,0,0,0,0,0,0,0,0,0
"THE REGULARS : Troubling critical race theory surfaces in education , government",https://siouxcityjournal.com/opinion/columnists/the-regulars-troubling-critical-race-theory-surfaces-in-education-government/article_c8ef74ca-9953-5c51-99d4-76eda54c9bbf.html,20200926T173000Z,siouxcityjournal.com,1,0,0,0,0,0,0,1,0,0,0,0,0,0,0,0,0,0,0,0,0,0,0,0,0,0,0,0,0,0,0,0,0,0,0,0,0,0,0,0,0,0,0,0,0,0,0,0,0,0,0
"CRT official discusses new Census deadline , response from AG Tong",https://www.fox61.com/article/news/local/crt-new-census-deadline-response-from-ag-tong/520-89b0d9b1-a15e-4f1b-9134-a95131ab8c92,20200926T174500Z,fox61.com,1,0,0,0,0,0,0,1,0,0,0,0,0,0,0,0,0,0,0,0,0,0,0,0,0,0,0,0,0,0,0,0,0,0,0,0,0,0,0,0,0,0,0,0,0,0,0,0,0,0,0
Maher : Truth Has to Be  in the Middle  Between Critical Race Theory Saying  Racism Is Everything and Everywhere  and Denying Racism,https://www.breitbart.com/politics/2020/09/25/maher-truth-has-to-be-in-the-middle-between-critical-race-theory-saying-racism-is-everything-and-everywhere-and-denying-racism/,20200926T221500Z,breitbart.com,2,0,0,0,0,0,0,2,0,0,0,0,0,0,0,0,0,0,0,0,0,0,0,0,0,0,0,0,0,0,0,0,0,0,0,0,0,0,0,0,0,0,0,0,0,0,0,0,0,0,0
What Republicans Must Do To Get Critical Race Theory Out Of Schools,https://thefederalist.com/2020/09/28/what-republicans-have-to-do-to-get-critical-race-theory-out-of-public-schools/,20200928T134500Z,thefederalist.com,8,0,0,0,0,0,0,1,0,0,0,0,1,0,1,0,0,0,0,0,0,0,0,1,0,0,0,0,0,0,0,0,0,0,0,0,0,1,0,0,2,0,0,0,0,0,0,0,0,0,1
Critical Race Theory Is Divisive And Discriminatory,https://victorygirlsblog.com/critical-race-theory-is-divisive-and-discriminatory/,20200928T151500Z,victorygirlsblog.com,1,0,0,0,0,0,0,1,0,0,0,0,0,0,0,0,0,0,0,0,0,0,0,0,0,0,0,0,0,0,0,0,0,0,0,0,0,0,0,0,0,0,0,0,0,0,0,0,0,0,0
Graduate Studies announces 2020 - 2021 Critical Race Scholars,http://news.unm.edu/news/graduate-studies-announces-2020-2021-critical-race-scholars,20200928T163000Z,news.unm.edu,4,1,0,0,0,0,0,1,0,0,0,0,0,0,0,0,0,0,0,0,0,0,0,0,0,0,0,0,0,0,0,0,0,0,0,0,0,0,1,0,0,0,0,0,0,0,0,1,0,0,0
Critical Race Theory and the Decline of American Justice,"https://www.expertclick.com/NewsRelease/Critical-Race-Theory-and-the-Decline-of-American-Justice-Carol-M.-Swain-,2020236500.aspx",20200928T170000Z,expertclick.com,1,0,0,0,0,0,0,1,0,0,0,0,0,0,0,0,0,0,0,0,0,0,0,0,0,0,0,0,0,0,0,0,0,0,0,0,0,0,0,0,0,0,0,0,0,0,0,0,0,0,0
Critical Race Theory Could Lead Humanity To Annihilation,https://www.infowars.com/critical-race-theory-could-lead-humanity-to-annihilation/,20200928T224500Z,infowars.com,1,0,0,0,0,0,0,1,0,0,0,0,0,0,0,0,0,0,0,0,0,0,0,0,0,0,0,0,0,0,0,0,0,0,0,0,0,0,0,0,0,0,0,0,0,0,0,0,0,0,0
Loudoun County Schools Spend Hundreds of Thousands on Critical Race Theory,https://freebeacon.com/campus/loudoun-county-schools-spend-hundreds-of-thousands-on-critical-race-theory/,20200928T231500Z,freebeacon.com,3,0,0,0,0,0,0,1,0,0,0,0,0,0,1,0,0,0,0,0,0,0,0,1,0,0,0,0,0,0,0,0,0,0,0,0,0,0,0,0,0,0,0,0,0,0,0,0,0,0,0
The war on critical race theory indoctrination is worth winning -- Society Child -- Sott . net,https://www.sott.net/article/442097-The-war-on-critical-race-theory-indoctrination-is-worth-winning,20200929T133000Z,sott.net,1,0,0,0,0,0,0,1,0,0,0,0,0,0,0,0,0,0,0,0,0,0,0,0,0,0,0,0,0,0,0,0,0,0,0,0,0,0,0,0,0,0,0,0,0,0,0,0,0,0,0
Critical Race Theory Is A Classic Communist Divide - And - Conquer Tactic,https://thefederalist.com/2020/09/29/critical-race-theory-is-a-classic-communist-divide-and-conquer-tactic/,20200929T134500Z,thefederalist.com,1,0,0,0,0,0,0,1,0,0,0,0,0,0,0,0,0,0,0,0,0,0,0,0,0,0,0,0,0,0,0,0,0,0,0,0,0,0,0,0,0,0,0,0,0,0,0,0,0,0,0
Critical Race Theory Is a Poisonous Communist Tactic,https://www.realclearpolitics.com/2020/09/29/critical_race_theory_is_a_poisonous_communist_tactic_524887.html,20200929T221500Z,realclearpolitics.com,1,0,0,0,0,0,0,1,0,0,0,0,0,0,0,0,0,0,0,0,0,0,0,0,0,0,0,0,0,0,0,0,0,0,0,0,0,0,0,0,0,0,0,0,0,0,0,0,0,0,0
"Chris Wallace redefines  critical race theory  calls it  racial sensitivity training , instead",https://www.bizpacreview.com/2020/09/30/chris-wallace-redefines-critical-race-theory-calls-it-racial-sensitivity-training-instead-978874,20200930T124500Z,bizpacreview.com,1,0,0,0,0,0,0,1,0,0,0,0,0,0,0,0,0,0,0,0,0,0,0,0,0,0,0,0,0,0,0,0,0,0,0,0,0,0,0,0,0,0,0,0,0,0,0,0,0,0,0
Q & A of the Day – Is Critical Race Theory being taught in Florida Schools ? ,https://wjno.iheart.com/content/2020-09-30-qa-of-the-day-is-critical-race-theory-being-taught-in-floridas-schools/,20200930T130000Z,wjno.iheart.com,4,0,0,0,0,0,0,1,0,0,1,0,0,0,0,0,0,0,0,0,0,0,0,1,0,0,0,0,0,0,0,0,0,0,0,0,0,0,0,0,0,0,0,0,1,0,0,0,0,0,0
Trump Administration Ends  Critical Race Theory  Trainings in Move Backed by Heritage Scholars,https://www.heritage.org/civil-society/impact/trump-administration-ends-critical-race-theory-trainings-move-backed-heritage,20200930T140000Z,heritage.org,1,0,0,0,0,0,0,1,0,0,0,0,0,0,0,0,0,0,0,0,0,0,0,0,0,0,0,0,0,0,0,0,0,0,0,0,0,0,0,0,0,0,0,0,0,0,0,0,0,0,0
Q & A – Is Critical Race Theory Being Taught In Florida Schools ? ,https://wiod.iheart.com/content/2020-09-30-qa-is-critical-race-theory-being-taught-in-floridas-schools/,20200930T143000Z,wiod.iheart.com,4,0,0,0,0,0,0,1,0,0,1,0,0,0,0,0,0,0,0,0,0,0,0,1,0,0,0,0,0,0,0,0,0,0,0,0,0,0,0,0,0,0,0,0,1,0,0,0,0,0,0
Experts debate how Trump order restricting critical race theory funding will affect higher education,https://www.thecollegefix.com/experts-debate-how-trumps-order-restricting-critical-race-theory-funding-will-affect-higher-education/,20201001T074500Z,thecollegefix.com,2,0,0,0,0,0,0,1,0,0,0,0,0,0,0,0,0,0,0,1,0,0,0,0,0,0,0,0,0,0,0,0,0,0,0,0,0,0,0,0,0,0,0,0,0,0,0,0,0,0,0
Critical race theory infiltrated California schools,https://www.christianpost.com:443/voices/critical-race-theory-has-infiltrated-californias-public-schools.html,20201001T154500Z,christianpost.com,5,0,0,0,0,0,0,2,0,0,0,0,0,0,0,0,0,0,0,0,0,0,0,2,0,0,0,0,0,0,0,0,0,0,0,0,0,0,0,0,0,0,0,0,1,0,0,0,0,0,0
"Fairfax , Va . School District Spent $24 , 000 On Promoting Critical Race Theorist Ibram Kendi Books For U . S . History Classes",http://freerepublic.com/focus/f-news/3889488/posts,20201001T154500Z,freerepublic.com,1,0,0,0,0,0,0,1,0,0,0,0,0,0,0,0,0,0,0,0,0,0,0,0,0,0,0,0,0,0,0,0,0,0,0,0,0,0,0,0,0,0,0,0,0,0,0,0,0,0,0
Understanding critical race theory : What it is -- and isnt,http://www.msn.com/en-us/news/us/understanding-critical-race-theory-what-it-is-and-isn-t/ar-BB19BxYm,20201001T164500Z,msn.com,4,0,0,0,0,0,0,1,0,0,0,0,0,0,0,0,1,0,0,0,0,0,0,0,0,0,0,0,0,0,0,0,0,0,0,0,0,1,0,0,0,0,0,0,0,0,0,1,0,0,0
Virginia school district proposal would penalize teachers who criticize critical race theory,https://www.washingtonexaminer.com/news/virginia-school-district-proposal-would-penalize-teachers-who-criticize-critical-race-theory,20201001T211500Z,washingtonexaminer.com,4,0,0,0,0,0,0,1,0,0,0,0,0,0,1,0,0,0,1,0,0,0,0,0,0,0,0,0,0,0,0,0,0,0,0,0,0,0,0,0,1,0,0,0,0,0,0,0,0,0,0
"Tucker Blasts Biden : Critical Race Theory Is  Racial Supremacy , Not  Sensitivity  ",https://www.cnsnews.com/index.php/blog/alexander-watson/tucker-blasts-biden-critical-race-theory-racial-supremacy-not-sensitivity,20201001T224500Z,cnsnews.com,2,0,0,0,0,0,0,2,0,0,0,0,0,0,0,0,0,0,0,0,0,0,0,0,0,0,0,0,0,0,0,0,0,0,0,0,0,0,0,0,0,0,0,0,0,0,0,0,0,0,0
Shakespeare spoof brings actors back to Palm Coast stage at CRT,https://www.palmcoastobserver.com/photo-gallery/shakespeare-spoof-brings-actors-back-to-palm-coast-stage-at-crt,20201002T231500Z,palmcoastobserver.com,1,0,0,0,0,0,0,1,0,0,0,0,0,0,0,0,0,0,0,0,0,0,0,0,0,0,0,0,0,0,0,0,0,0,0,0,0,0,0,0,0,0,0,0,0,0,0,0,0,0,0
Bokhari : Critical Race Theorists Control the Big Tech Algorithms that Control Us,https://www.breitbart.com/tech/2020/10/03/bokhari-critical-race-theorists-control-the-big-tech-algorithms-that-control-us/,20201003T171500Z,breitbart.com,1,0,0,0,0,0,0,1,0,0,0,0,0,0,0,0,0,0,0,0,0,0,0,0,0,0,0,0,0,0,0,0,0,0,0,0,0,0,0,0,0,0,0,0,0,0,0,0,0,0,0
"Flashcards for critical race theory , easy , quick learning",https://www.independentsentinel.com/flashcards-for-critical-race-theory-easy-quick-learning/,20201004T124500Z,independentsentinel.com,1,0,0,0,0,0,0,1,0,0,0,0,0,0,0,0,0,0,0,0,0,0,0,0,0,0,0,0,0,0,0,0,0,0,0,0,0,0,0,0,0,0,0,0,0,0,0,0,0,0,0
The truth about critical race theory -- Society Child -- Sott . net,https://www.sott.net/article/442374-The-truth-about-critical-race-theory,20201005T103000Z,sott.net,1,0,0,0,0,0,0,1,0,0,0,0,0,0,0,0,0,0,0,0,0,0,0,0,0,0,0,0,0,0,0,0,0,0,0,0,0,0,0,0,0,0,0,0,0,0,0,0,0,0,0
"Critical Race Theory , and the Poisoning of Society",https://www.newsmax.com/robschmitt/crt-critical-theory-wallace/2020/10/05/id/990352/,20201005T183000Z,newsmax.com,1,0,0,0,0,0,0,1,0,0,0,0,0,0,0,0,0,0,0,0,0,0,0,0,0,0,0,0,0,0,0,0,0,0,0,0,0,0,0,0,0,0,0,0,0,0,0,0,0,0,0
Neo - Marxist  Critical Race Theory  Stokes Toxic Division,https://www.newsmax.com/larrybell/criticalracetheory/2020/10/05/id/990344/,20201005T183000Z,newsmax.com,3,0,0,0,0,0,0,1,0,0,0,0,0,0,1,0,0,0,0,0,0,0,0,0,0,0,0,0,0,0,0,0,0,0,0,0,0,0,0,0,0,0,0,0,1,0,0,0,0,0,0
"No , Critical Race Theory Isnt  Anti - American  ",https://www.edweek.org/ew/articles/2020/10/07/no-critical-race-theory-isnt-anti-american.html,20201006T131500Z,edweek.org,3,0,0,0,0,0,0,1,0,0,0,0,0,0,0,0,0,0,0,0,0,0,0,0,0,0,0,0,0,0,0,1,0,0,0,0,0,0,0,0,0,0,0,0,1,0,0,0,0,0,0
The Truth About Critical Race Theory,http://www.floppingaces.net/most-wanted/the-truth-about-critical-race-theory/,20201006T163000Z,floppingaces.net,2,0,0,0,0,0,0,2,0,0,0,0,0,0,0,0,0,0,0,0,0,0,0,0,0,0,0,0,0,0,0,0,0,0,0,0,0,0,0,0,0,0,0,0,0,0,0,0,0,0,0
Trump Calls Critical Race Theory  Un - American . Let Review | History News Network,http://historynewsnetwork.org/article/177659,20201006T190000Z,historynewsnetwork.org,1,0,0,0,0,0,0,1,0,0,0,0,0,0,0,0,0,0,0,0,0,0,0,0,0,0,0,0,0,0,0,0,0,0,0,0,0,0,0,0,0,0,0,0,0,0,0,0,0,0,0
The Truth About Critical Race Theory - American Renaissance,https://www.amren.com/news/2020/10/the-truth-about-critical-race-theory/,20201006T191500Z,amren.com,1,0,0,0,0,0,0,1,0,0,0,0,0,0,0,0,0,0,0,0,0,0,0,0,0,0,0,0,0,0,0,0,0,0,0,0,0,0,0,0,0,0,0,0,0,0,0,0,0,0,0
Keller  dead wrong  on Critical Race Theory : critics,https://onenewsnow.com/church/2020/10/06/keller-dead-wrong-on-critical-race-theory-critics,20201006T213000Z,onenewsnow.com,1,0,0,0,0,0,0,1,0,0,0,0,0,0,0,0,0,0,0,0,0,0,0,0,0,0,0,0,0,0,0,0,0,0,0,0,0,0,0,0,0,0,0,0,0,0,0,0,0,0,0
"Pete Flores , Roland Gutierrez square off in critical District 19 Texas Senate race",https://www.ksat.com/news/local/2020/10/06/pete-flores-roland-gutierrez-square-off-in-critical-district-19-texas-senate-race/,20201006T214500Z,ksat.com,1,0,0,0,0,0,0,0,0,0,0,0,0,0,0,0,0,0,0,0,0,0,0,0,0,0,0,0,0,0,0,1,0,0,0,0,0,0,0,0,0,0,0,0,0,0,0,0,0,0,0
D . C .- area school district backtracks on punishing teachers for criticizing critical race theory,https://www.thecollegefix.com/d-c-area-school-district-backtracks-on-punishing-teachers-for-criticizing-critical-race-theory/,20201008T173000Z,thecollegefix.com,2,0,0,0,0,0,0,1,0,0,0,0,0,0,1,0,0,0,0,0,0,0,0,0,0,0,0,0,0,0,0,0,0,0,0,0,0,0,0,0,0,0,0,0,0,0,0,0,0,0,0
  Men On Boat by CRT - A Review,https://patch.com/connecticut/mansfield/men-boats-crt-review,20201011T183000Z,patch.com,1,0,0,0,0,0,0,1,0,0,0,0,0,0,0,0,0,0,0,0,0,0,0,0,0,0,0,0,0,0,0,0,0,0,0,0,0,0,0,0,0,0,0,0,0,0,0,0,0,0,0
"Math Association Say Math  Inherently Carries Human Biases , Citing Critical Race Theory",https://www.zerohedge.com/political/math-association-say-math-inherently-carries-human-biases-citing-critical-race-theory,20201011T194500Z,zerohedge.com,1,0,0,0,0,0,0,1,0,0,0,0,0,0,0,0,0,0,0,0,0,0,0,0,0,0,0,0,0,0,0,0,0,0,0,0,0,0,0,0,0,0,0,0,0,0,0,0,0,0,0
Mathematical Association : Critical Race Theory Necessary to Fight  Human Biase in Math,https://www.breitbart.com/politics/2020/10/11/mathematical-association-critical-race-theory-necessary-to-fight-human-biases-in-math/,20201011T210000Z,breitbart.com,1,0,0,0,0,0,0,1,0,0,0,0,0,0,0,0,0,0,0,0,0,0,0,0,0,0,0,0,0,0,0,0,0,0,0,0,0,0,0,0,0,0,0,0,0,0,0,0,0,0,0
The intrusion of critical race theory into medicine and public health threatens the well - being of all Americans --- especially nonwhites,http://jewishworldreview.com/1020/harris101320.php3,20201013T114500Z,jewishworldreview.com,3,0,0,0,0,0,0,1,0,0,0,0,0,0,0,0,0,0,0,0,0,0,0,0,0,0,0,0,0,0,0,0,0,0,0,0,0,1,0,0,1,0,0,0,0,0,0,0,0,0,0
More Va . Schools Using Kids As Guinea Pigs For Critical Race Theory,https://thefederalist.com/2020/10/13/more-va-public-schools-using-kids-as-guinea-pigs-for-critical-race-theory/,20201013T124500Z,thefederalist.com,2,0,0,0,0,0,0,1,0,0,0,0,0,0,0,0,0,0,0,0,0,0,0,1,0,0,0,0,0,0,0,0,0,0,0,0,0,0,0,0,0,0,0,0,0,0,0,0,0,0,0
The Civil Rights Legend Who Opposed Critical Race Theory,https://www.khq.com/the-civil-rights-legend-who-opposed-critical-race-theory/article_34491bf0-8bda-5497-a4dc-2d8f1c3db6c3.html,20201013T180000Z,khq.com,4,0,0,0,0,0,0,2,0,0,0,0,0,0,0,0,0,0,0,0,0,0,0,0,0,0,0,0,0,0,0,0,0,0,0,0,0,0,0,0,0,0,0,0,2,0,0,0,0,0,0
Jarret Stepman : What Really Behind Critical Race Theory,https://www.theepochtimes.com/jarret-stepman-whats-really-behind-critical-race-theory_3539883.html,20201015T070000Z,theepochtimes.com,1,0,0,0,0,0,0,1,0,0,0,0,0,0,0,0,0,0,0,0,0,0,0,0,0,0,0,0,0,0,0,0,0,0,0,0,0,0,0,0,0,0,0,0,0,0,0,0,0,0,0
The civil rights legend who opposed critical race theory -- Society Child -- Sott . net,https://www.sott.net/article/443030-The-civil-rights-legend-who-opposed-critical-race-theory,20201018T084500Z,sott.net,2,0,0,0,0,0,0,1,0,0,0,0,0,0,0,0,0,0,0,0,0,0,0,0,0,0,0,0,0,0,0,0,0,0,0,0,0,0,0,0,0,0,0,0,1,0,0,0,0,0,0
"Yes , Critical Race Theory Is Actually Making People More Racist",https://thefederalist.com/2020/10/19/research-shows-critical-race-theory-is-actually-making-people-more-racist/,20201019T121500Z,thefederalist.com,1,0,0,0,0,0,0,1,0,0,0,0,0,0,0,0,0,0,0,0,0,0,0,0,0,0,0,0,0,0,0,0,0,0,0,0,0,0,0,0,0,0,0,0,0,0,0,0,0,0,0
"Kemi Badenoch , British Equalities Minister , denounces Black Lives Matter and Critical Race Theory",https://www.washingtontimes.com:443/news/2020/oct/20/kemi-badenoch-british-equalities-minister-denounce/,20201021T114500Z,washingtontimes.com,2,0,0,0,0,0,0,2,0,0,0,0,0,0,0,0,0,0,0,0,0,0,0,0,0,0,0,0,0,0,0,0,0,0,0,0,0,0,0,0,0,0,0,0,0,0,0,0,0,0,0
UK Minister : Teaching White Privilege And Critical Race Theory In Schools Is Illegal,https://thefederalist.com/2020/10/21/uk-minister-teaching-white-privilege-and-critical-race-theory-in-schools-is-illegal/,20201021T153000Z,thefederalist.com,1,0,0,0,0,0,0,1,0,0,0,0,0,0,0,0,0,0,0,0,0,0,0,0,0,0,0,0,0,0,0,0,0,0,0,0,0,0,0,0,0,0,0,0,0,0,0,0,0,0,0
Critical Race Theory Permeates New Student Survey In Fairfax Public Schools,https://thefederalist.com/2020/10/21/critical-race-theory-permeates-new-student-survey-in-fairfax-public-schools/,20201021T153000Z,thefederalist.com,7,0,0,0,0,0,0,1,0,0,0,0,0,0,1,0,0,0,1,0,0,0,0,1,0,0,0,0,0,0,0,0,0,0,0,0,0,0,0,1,0,0,0,0,1,0,0,0,0,1,0
UK Minister Torches BLM & Critical Race Theory In Now Viral Speech | NewsRadio 740 KTRH,https://ktrh.iheart.com/featured/michael-berry/content/2020-10-21-uk-minister-torches-blm-critical-race-theory-in-now-viral-speech/,20201021T160000Z,ktrh.iheart.com,1,0,0,0,0,0,0,1,0,0,0,0,0,0,0,0,0,0,0,0,0,0,0,0,0,0,0,0,0,0,0,0,0,0,0,0,0,0,0,0,0,0,0,0,0,0,0,0,0,0,0
"Democrat Colin Allred , Republican Genevieve Collins tout bipartisanship in critical District 32 race for Congress",https://www.dallasnews.com/news/politics/2020/10/26/democrat-colin-allred-republican-genevieve-collins-tout-bipartisanship-in-critical-district-32-race-for-congress/,20201026T111500Z,dallasnews.com,6,2,0,0,0,0,0,0,0,0,0,0,0,0,0,0,0,0,0,0,0,0,0,0,0,0,0,0,0,0,2,2,0,0,0,0,0,0,0,0,0,0,0,0,0,0,0,0,0,0,0
Carol Swain Tells Nashville Crowd That Critical Race Theory Is Unacceptable,"https://www.expertclick.com/NewsRelease/Carol-Swain-Tells-Nashville-Crowd-That-Critical-Race-Theory-Is-Unacceptable-Carol-M.-Swain-,2020237699.aspx",20201026T134500Z,expertclick.com,1,0,0,0,0,0,0,1,0,0,0,0,0,0,0,0,0,0,0,0,0,0,0,0,0,0,0,0,0,0,0,0,0,0,0,0,0,0,0,0,0,0,0,0,0,0,0,0,0,0,0
Trump blasts  critical race theory  but is America most dangerous critical theorist,https://thehill.com/opinion/white-house/522600-trump-blasts-critical-race-theory-but-is-americas-most-dangerous-critical,20201026T161500Z,thehill.com,1,0,0,0,0,0,0,1,0,0,0,0,0,0,0,0,0,0,0,0,0,0,0,0,0,0,0,0,0,0,0,0,0,0,0,0,0,0,0,0,0,0,0,0,0,0,0,0,0,0,0
Critical race theory as a covert assailant to the church,https://www.christianpost.com:443/voices/critical-race-theory-as-a-covert-assailant-to-the-church.html,20201027T134500Z,christianpost.com,1,0,0,0,0,0,0,1,0,0,0,0,0,0,0,0,0,0,0,0,0,0,0,0,0,0,0,0,0,0,0,0,0,0,0,0,0,0,0,0,0,0,0,0,0,0,0,0,0,0,0
Trump and Critical Race Theory – JAMES EDWARDS,https://www.thepoliticalcesspool.org/jamesedwards/trump-and-critical-race-theory/,20201028T143000Z,thepoliticalcesspool.org,1,0,0,0,0,0,0,1,0,0,0,0,0,0,0,0,0,0,0,0,0,0,0,0,0,0,0,0,0,0,0,0,0,0,0,0,0,0,0,0,0,0,0,0,0,0,0,0,0,0,0
There a Federalized E90 BMW M3 CRT for Sale in the U . S . ,http://www.msn.com/en-us/autos/enthusiasts/there-s-a-federalized-e90-bmw-m3-crt-for-sale-in-the-u-s/ar-BB1aylMp,20201101T110000Z,msn.com,1,0,0,0,0,0,0,1,0,0,0,0,0,0,0,0,0,0,0,0,0,0,0,0,0,0,0,0,0,0,0,0,0,0,0,0,0,0,0,0,0,0,0,0,0,0,0,0,0,0,0
"Swing state : Michigan voters critical to presidential , US Senate race outcomes",https://www.pressreleasepoint.com/swing-state-michigan-voters-critical-presidential-us-senate-race-outcomes,20201103T073000Z,pressreleasepoint.com,2,0,0,0,0,0,0,0,0,0,0,0,0,0,0,0,0,0,0,1,0,0,0,0,0,0,0,0,0,0,0,0,0,0,0,0,0,1,0,0,0,0,0,0,0,0,0,0,0,0,0
"1 Of 67 BMW M3 CRT Is For Sale In New York After Owner Spent $40 , 000 To Federalize It In The united states ",https://www.carscoops.com/2020/11/1-of-67-2012-bmw-m3-crt-is-for-sale-in-new-york-after-owner-spent-40000-to-federalize-it-in-the-usa/,20201112T100000Z,carscoops.com,1,0,0,0,0,0,0,1,0,0,0,0,0,0,0,0,0,0,0,0,0,0,0,0,0,0,0,0,0,0,0,0,0,0,0,0,0,0,0,0,0,0,0,0,0,0,0,0,0,0,0
"Baptist Seminary head downplays risk of socialism , Critical Race Theory & Intersectionality",http://freerepublic.com/focus/f-religion/3905140/posts,20201112T114500Z,freerepublic.com,3,0,0,0,0,0,0,1,0,0,0,0,0,0,0,0,0,0,2,0,0,0,0,0,0,0,0,0,0,0,0,0,0,0,0,0,0,0,0,0,0,0,0,0,0,0,0,0,0,0,0
Trump Is Attacking Critical Race Theory Because It Is a Force for Liberation,https://truthout.org/articles/trump-is-attacking-critical-race-theory-because-it-is-a-force-for-liberation/,20201118T161500Z,truthout.org,2,0,0,0,0,0,0,1,0,0,0,0,0,0,0,0,0,0,0,0,0,0,0,0,0,0,0,0,0,0,0,0,0,0,1,0,0,0,0,0,0,0,0,0,0,0,0,0,0,0,0
Critical race theory comes to church and my children Catholic schools – Catholic World Report,https://www.catholicworldreport.com/2020/11/18/critical-race-theory-comes-to-church-and-my-childrens-catholic-schools/,20201119T100000Z,catholicworldreport.com,2,0,0,0,0,0,0,1,0,0,0,0,1,0,0,0,0,0,0,0,0,0,0,0,0,0,0,0,0,0,0,0,0,0,0,0,0,0,0,0,0,0,0,0,0,0,0,0,0,0,0
"Higher education groups ask Biden to reverse Trump orders on Title IX reform , critical race theory",https://www.foxnews.com/politics/higher-education-biden-reverse-trump-orders-title-ix-critical-race-theory,20201122T174500Z,foxnews.com,1,0,0,0,0,0,0,1,0,0,0,0,0,0,0,0,0,0,0,0,0,0,0,0,0,0,0,0,0,0,0,0,0,0,0,0,0,0,0,0,0,0,0,0,0,0,0,0,0,0,0
Brave British Politician Stands Against Critical Race Theory,https://1430kasi.iheart.com/content/2020-11-24-brave-british-politician-stands-against-critical-race-theory/,20201124T143000Z,1430kasi.iheart.com,4,0,0,0,0,0,0,4,0,0,0,0,0,0,0,0,0,0,0,0,0,0,0,0,0,0,0,0,0,0,0,0,0,0,0,0,0,0,0,0,0,0,0,0,0,0,0,0,0,0,0
"Critical Race Theory : Fighting Racism , or Racism Masquerading as Remedy ? – Ricochet",https://ricochet.com/podcast/federalist-society-teleforum/critical-race-theory-fighting-racism-or-racism-masquerading-as-remedy/,20201124T203000Z,ricochet.com,1,0,0,0,0,0,0,1,0,0,0,0,0,0,0,0,0,0,0,0,0,0,0,0,0,0,0,0,0,0,0,0,0,0,0,0,0,0,0,0,0,0,0,0,0,0,0,0,0,0,0
Brave British Politician Stands Against Critical Race Theory | PowerTalk 1460 AM & 101 . 1 FM,https://powertalk1460.iheart.com/content/2020-11-24-brave-british-politician-stands-against-critical-race-theory/,20201124T204500Z,powertalk1460.iheart.com,1,0,0,0,0,0,0,1,0,0,0,0,0,0,0,0,0,0,0,0,0,0,0,0,0,0,0,0,0,0,0,0,0,0,0,0,0,0,0,0,0,0,0,0,0,0,0,0,0,0,0
Meeting the moment : 20 years of Critical Race Studies at UCLA School of Law,https://newsroom.ucla.edu/stories/20-years-critical-race-studies-ucla-law,20201125T014500Z,newsroom.ucla.edu,3,0,0,0,0,0,0,1,0,0,0,0,0,0,1,0,0,0,0,0,0,0,0,1,0,0,0,0,0,0,0,0,0,0,0,0,0,0,0,0,0,0,0,0,0,0,0,0,0,0,0
Critical Race Theory : A Ruling - Class Ideology,https://www.lewrockwell.com/2020/11/no_author/critical-race-theory-a-ruling-class-ideology/,20201128T100000Z,lewrockwell.com,1,0,0,0,0,0,0,1,0,0,0,0,0,0,0,0,0,0,0,0,0,0,0,0,0,0,0,0,0,0,0,0,0,0,0,0,0,0,0,0,0,0,0,0,0,0,0,0,0,0,0
John Piper : Christians Critical Race Theory makes god of self,https://www.christianpost.com:443/church-ministries/john-piper-warns-christians-critical-race-theory-makes-god-of-self.html,20201130T214500Z,christianpost.com,3,0,0,0,0,0,0,3,0,0,0,0,0,0,0,0,0,0,0,0,0,0,0,0,0,0,0,0,0,0,0,0,0,0,0,0,0,0,0,0,0,0,0,0,0,0,0,0,0,0,0
"  Woke  Kentucky mayor is slammed for trying to pull $120 , 000 from an emergency rental fund to pay for  critical race theory  training for city employees",https://freerepublic.com/focus/f-news/3911043/posts,20201201T083000Z,freerepublic.com,1,0,0,0,0,0,0,1,0,0,0,0,0,0,0,0,0,0,0,0,0,0,0,0,0,0,0,0,0,0,0,0,0,0,0,0,0,0,0,0,0,0,0,0,0,0,0,0,0,0,0
"Critical race theory creates  rage , Georgetown professor warns",https://www.thecollegefix.com/bulletin-board/critical-race-theory-creates-rage-georgetown-professor-warns/,20201201T213000Z,thecollegefix.com,1,0,0,0,0,0,0,1,0,0,0,0,0,0,0,0,0,0,0,0,0,0,0,0,0,0,0,0,0,0,0,0,0,0,0,0,0,0,0,0,0,0,0,0,0,0,0,0,0,0,0
Kentucky Mayor Trying to Move Emergency Aid Funds to CRT Training,https://www.breitbart.com/politics/2020/12/01/woke-group-irked-ky-mayor-trying-to-redirect-emergency-rental-funds-to-pay-for-critical-race-theory-training/,20201201T230000Z,breitbart.com,1,0,0,0,0,0,0,1,0,0,0,0,0,0,0,0,0,0,0,0,0,0,0,0,0,0,0,0,0,0,0,0,0,0,0,0,0,0,0,0,0,0,0,0,0,0,0,0,0,0,0
"Kentucky Mayor Is Slammed for Trying to Pull $120 , 000 from an Emergency Rental Fund to Pay for  Critical Race Theory  Training",https://www.amren.com/news/2020/12/kentucky-mayor-is-slammed-for-trying-to-pull-120000-from-an-emergency-rental-fund-to-pay-for-critical-race-theory-training/,20201201T230000Z,amren.com,1,0,0,0,0,0,0,1,0,0,0,0,0,0,0,0,0,0,0,0,0,0,0,0,0,0,0,0,0,0,0,0,0,0,0,0,0,0,0,0,0,0,0,0,0,0,0,0,0,0,0
Southern Baptist seminary presidents nix critical race theory,https://religionnews.com/2020/12/01/southern-baptist-seminary-presidents-nix-critical-race-theory/,20201202T000000Z,religionnews.com,1,0,0,0,0,0,0,1,0,0,0,0,0,0,0,0,0,0,0,0,0,0,0,0,0,0,0,0,0,0,0,0,0,0,0,0,0,0,0,0,0,0,0,0,0,0,0,0,0,0,0
"Quotation of the day on wokeness , structural racism , and critical race theory …. | American Enterprise Institute",https://www.aei.org/carpe-diem/quotation-of-the-day-on-wokeness-structural-racism-and-critical-race-theory/,20201202T064500Z,aei.org,1,0,0,0,0,0,0,1,0,0,0,0,0,0,0,0,0,0,0,0,0,0,0,0,0,0,0,0,0,0,0,0,0,0,0,0,0,0,0,0,0,0,0,0,0,0,0,0,0,0,0
This is your BRAIN on critical race theory – > Headline from The Root about straight black men is straight - up racist AF – twitchy . com,https://twitchy.com/sam-3930/2020/12/02/this-is-your-brain-on-critical-race-theory-headline-from-the-root-about-straight-black-men-is-straight-up-racist-af/,20201202T160000Z,twitchy.com,2,0,0,0,0,0,0,2,0,0,0,0,0,0,0,0,0,0,0,0,0,0,0,0,0,0,0,0,0,0,0,0,0,0,0,0,0,0,0,0,0,0,0,0,0,0,0,0,0,0,0
Baptist seminary presidents reject Critical Race Theory,https://www.washingtontimes.com/news/2020/dec/2/baptist-seminary-presidents-reject-critical-race-t/,20201202T163000Z,washingtontimes.com,2,0,0,0,0,0,0,2,0,0,0,0,0,0,0,0,0,0,0,0,0,0,0,0,0,0,0,0,0,0,0,0,0,0,0,0,0,0,0,0,0,0,0,0,0,0,0,0,0,0,0
All Six Southern Baptist Seminary Presidents Have Released a Joint Statement Condemning Critical Race Theory,https://www.relevantmagazine.com/faith/church/all-six-southern-baptist-seminary-presidents-have-released-a-joint-statement-condemning-critical-race-theory/,20201202T200000Z,relevantmagazine.com,1,0,0,0,0,0,0,1,0,0,0,0,0,0,0,0,0,0,0,0,0,0,0,0,0,0,0,0,0,0,0,0,0,0,0,0,0,0,0,0,0,0,0,0,0,0,0,0,0,0,0
SBC seminary presidents denounce Critical Race Theory,https://www.christianpost.com:443/church-ministries/sbc-seminary-presidents-denounce-critical-race-theory.html,20201203T004500Z,christianpost.com,2,0,0,0,0,0,0,2,0,0,0,0,0,0,0,0,0,0,0,0,0,0,0,0,0,0,0,0,0,0,0,0,0,0,0,0,0,0,0,0,0,0,0,0,0,0,0,0,0,0,0
"With Biden , Critical Race Theory may return to the White House",https://canadafreepress.com/article/with-biden-critical-race-theory-may-return-to-the-white-house,20201203T171500Z,canadafreepress.com,1,0,0,0,0,0,0,1,0,0,0,0,0,0,0,0,0,0,0,0,0,0,0,0,0,0,0,0,0,0,0,0,0,0,0,0,0,0,0,0,0,0,0,0,0,0,0,0,0,0,0
Southern Baptists Keep Quarreling Over Critical Race Theor ...... | News & Reporting,https://www.christianitytoday.com/news/2020/december/southern-baptist-critical-race-theory-debate-crt-seminary-s.html,20201203T203000Z,christianitytoday.com,1,0,0,0,0,0,0,1,0,0,0,0,0,0,0,0,0,0,0,0,0,0,0,0,0,0,0,0,0,0,0,0,0,0,0,0,0,0,0,0,0,0,0,0,0,0,0,0,0,0,0
"Japan Cardiac Rhythm Management Devices Market Outlook to 2025 - Cardiac Resynchronisation Therapy ( CRT ), Implantable Cardioverter Defibrillators ( ICD ), Implantable Loop Recorders ( ILR ) and Pacemakers",https://www.globenewswire.com/news-release/2020/12/04/2139834/0/en/Japan-Cardiac-Rhythm-Management-Devices-Market-Outlook-to-2025-Cardiac-Resynchronisation-Therapy-CRT-Implantable-Cardioverter-Defibrillators-ICD-Implantable-Loop-Recorders-ILR-and-.html,20201204T133000Z,globenewswire.com,1,0,0,0,0,0,0,1,0,0,0,0,0,0,0,0,0,0,0,0,0,0,0,0,0,0,0,0,0,0,0,0,0,0,0,0,0,0,0,0,0,0,0,0,0,0,0,0,0,0,0
"Russia Cardiac Rhythm Management Devices Market Outlook to 2025 - Cardiac Resynchronisation Therapy ( CRT ), Implantable Cardioverter Defibrillators ( ICD ), Implantable Loop Recorders ( ILR ) and Pacemakers",https://www.globenewswire.com/news-release/2020/12/04/2139837/0/en/Russia-Cardiac-Rhythm-Management-Devices-Market-Outlook-to-2025-Cardiac-Resynchronisation-Therapy-CRT-Implantable-Cardioverter-Defibrillators-ICD-Implantable-Loop-Recorders-ILR-and.html,20201204T171500Z,globenewswire.com,1,0,0,0,0,0,0,1,0,0,0,0,0,0,0,0,0,0,0,0,0,0,0,0,0,0,0,0,0,0,0,0,0,0,0,0,0,0,0,0,0,0,0,0,0,0,0,0,0,0,0
"Spain Cardiac Rhythm Management Devices Market Outlook to 2025 - Cardiac Resynchronisation Therapy ( CRT ), Implantable Cardioverter Defibrillators ( ICD ), Implantable Loop Recorders ( ILR ) and Pacemakers",http://www.globenewswire.com/news-release/2020/12/04/2139839/0/en/Spain-Cardiac-Rhythm-Management-Devices-Market-Outlook-to-2025-Cardiac-Resynchronisation-Therapy-CRT-Implantable-Cardioverter-Defibrillators-ICD-Implantable-Loop-Recorders-ILR-and-.html,20201204T174500Z,globenewswire.com,1,0,0,0,0,0,0,1,0,0,0,0,0,0,0,0,0,0,0,0,0,0,0,0,0,0,0,0,0,0,0,0,0,0,0,0,0,0,0,0,0,0,0,0,0,0,0,0,0,0,0
SBC statement on CRT branded  anti - intellectual  ,https://www.christianpost.com:443/church-ministries/sbc-statement-on-crt-branded-anti-intellectual.html,20201204T213000Z,christianpost.com,3,0,0,0,0,0,0,3,0,0,0,0,0,0,0,0,0,0,0,0,0,0,0,0,0,0,0,0,0,0,0,0,0,0,0,0,0,0,0,0,0,0,0,0,0,0,0,0,0,0,0
Feeling Guilty About Everything ? Thank Critical Race Theory,https://www.dailysignal.com/2020/12/07/feeling-guilty-about-everything-thank-critical-race-theory/,20201207T083000Z,dailysignal.com,2,0,0,0,0,0,1,1,0,0,0,0,0,0,0,0,0,0,0,0,0,0,0,0,0,0,0,0,0,0,0,0,0,0,0,0,0,0,0,0,0,0,0,0,0,0,0,0,0,0,0
"Critical Race Theory , the Culprit Behind the  Summer of Hate  ",https://www.cnsnews.com/index.php/commentary/jonathan-butcher/critical-race-theory-culprit-behind-summer-hate,20201207T204500Z,cnsnews.com,8,0,0,0,0,0,4,4,0,0,0,0,0,0,0,0,0,0,0,0,0,0,0,0,0,0,0,0,0,0,0,0,0,0,0,0,0,0,0,0,0,0,0,0,0,0,0,0,0,0,0
"Divisive  critical race theory  infiltrating private biz and public schools , has Marxist roots : report",https://www.bizpacreview.com/2020/12/08/divisive-critical-race-theory-infiltrating-private-biz-and-public-schools-has-marxist-roots-report-1003621/,20201208T204500Z,bizpacreview.com,1,0,0,0,0,0,0,1,0,0,0,0,0,0,0,0,0,0,0,0,0,0,0,0,0,0,0,0,0,0,0,0,0,0,0,0,0,0,0,0,0,0,0,0,0,0,0,0,0,0,0
Parents advised to organize against CRT curricula now,https://onenewsnow.com/education/2020/12/09/parents-advised-to-organize-against-crt-curricula-now,20201209T084500Z,onenewsnow.com,2,0,0,0,0,0,0,1,0,0,0,0,0,0,0,0,0,0,0,0,0,0,0,0,0,0,0,0,0,0,0,0,0,0,0,0,0,0,0,1,0,0,0,0,0,0,0,0,0,0,0
Douglas Andrews : The Virus of Critical Race Theory The Patriot Post,https://patriotpost.us/articles/76350-the-virus-of-critical-race-theory-2020-12-10,20201210T124500Z,patriotpost.us,1,0,0,0,0,0,0,1,0,0,0,0,0,0,0,0,0,0,0,0,0,0,0,0,0,0,0,0,0,0,0,0,0,0,0,0,0,0,0,0,0,0,0,0,0,0,0,0,0,0,0
PODCAST : 12 . 10 – Teaching Critical Race Theory in Public Schools,https://www.ksgf.com/episode/podcast-12-10-teaching-critical-race-theory-in-public-schools/,20201210T134500Z,ksgf.com,1,0,0,0,0,0,0,1,0,0,0,0,0,0,0,0,0,0,0,0,0,0,0,0,0,0,0,0,0,0,0,0,0,0,0,0,0,0,0,0,0,0,0,0,0,0,0,0,0,0,0
Critical Race Theory : As  Pseudo  as Pseudoscience Gets By Allen Gindler,http://www.ruthfullyyours.com/2020/12/11/critical-race-theory-as-pseudo-as-pseudoscience-gets-by-allen-gindler/,20201211T101500Z,ruthfullyyours.com,1,0,0,0,0,0,0,1,0,0,0,0,0,0,0,0,0,0,0,0,0,0,0,0,0,0,0,0,0,0,0,0,0,0,0,0,0,0,0,0,0,0,0,0,0,0,0,0,0,0,0
Critical Race Theory : As  Pseudo  as Pseudoscience Gets,https://www.americanthinker.com/articles/2020/12/critical_race_theory_as_pseudo_as_pseudoscience_gets.html,20201211T103000Z,americanthinker.com,1,0,0,0,0,0,0,1,0,0,0,0,0,0,0,0,0,0,0,0,0,0,0,0,0,0,0,0,0,0,0,0,0,0,0,0,0,0,0,0,0,0,0,0,0,0,0,0,0,0,0
Black Southern Baptists weigh in on critical race theory critique by officials,https://religionnews.com/2020/12/11/black-southern-baptists-weigh-in-on-critical-race-theory-critique-by-officials/,20201212T010000Z,religionnews.com,2,0,0,0,0,0,0,1,0,0,0,0,0,0,0,0,0,0,0,0,0,0,0,0,0,0,0,0,0,0,0,0,1,0,0,0,0,0,0,0,0,0,0,0,0,0,0,0,0,0,0
Critical Race Theory is unbiblical say SBC seminary presidents – Episcopal Cafe,https://www.episcopalcafe.com/critical-race-theory-is-unbiblical-say-sbc-seminary-presidents/,20201212T041500Z,episcopalcafe.com,1,0,0,0,0,0,0,1,0,0,0,0,0,0,0,0,0,0,0,0,0,0,0,0,0,0,0,0,0,0,0,0,0,0,0,0,0,0,0,0,0,0,0,0,0,0,0,0,0,0,0
CRT saves man life after he has OD in their lobby,https://www.fox61.com/article/news/local/crt-saves-mans-life-after-he-has-od-in-their-lobby/520-2ce122e0-004e-408f-9930-957bae95b845,20201214T181500Z,fox61.com,1,0,0,0,0,0,0,1,0,0,0,0,0,0,0,0,0,0,0,0,0,0,0,0,0,0,0,0,0,0,0,0,0,0,0,0,0,0,0,0,0,0,0,0,0,0,0,0,0,0,0
Critical Race Theory Just Locked Down Another Contract in Virginia Public Schools,https://townhall.com/tipsheet/katiepavlich/2020/12/14/critical-race-theory-just-locked-down-another-contract-in-virginia-schools-n2581528,20201214T203000Z,townhall.com,4,0,0,0,0,0,0,1,0,0,0,0,0,0,1,0,0,0,0,0,0,0,0,1,0,0,0,0,0,0,0,0,0,0,0,0,0,0,0,0,1,0,0,0,0,0,0,0,0,0,0
SBC seminary presidents spur debate after denouncing critical race theory,https://www.oakridger.com/story/news/religion/2020/12/15/sbc-critical-race-theory-seminary-presidents-intersectionality-debate/3816124001/,20201215T221500Z,oakridger.com,3,0,1,0,0,0,0,1,0,0,0,0,0,0,0,0,1,0,0,0,0,0,0,0,0,0,0,0,0,0,0,0,0,0,0,0,0,0,0,0,0,0,0,0,0,0,0,0,0,0,0
Dems Say Trump  Critical Race Theory  Ban Ended Most Federal Diversity Training,https://www.newsweek.com/dems-say-trumps-critical-race-theory-ban-ended-most-federal-diversity-training-1555025,20201215T233000Z,newsweek.com,2,0,0,0,0,0,0,1,0,0,0,1,0,0,0,0,0,0,0,0,0,0,0,0,0,0,0,0,0,0,0,0,0,0,0,0,0,0,0,0,0,0,0,0,0,0,0,0,0,0,0
OMB Director Russ Vought on Bolstering the U . S . Navy and Defunding Critical Race Theory Trainings,https://www.theepochtimes.com/omb-director-russ-vought-on-bolstering-the-u-s-navy-and-defunding-critical-race-theory-trainings_3620321.html,20201216T031500Z,theepochtimes.com,1,0,0,0,0,0,0,1,0,0,0,0,0,0,0,0,0,0,0,0,0,0,0,0,0,0,0,0,0,0,0,0,0,0,0,0,0,0,0,0,0,0,0,0,0,0,0,0,0,0,0
"Ralph D . West , Houston pastor , cuts ties to Southern Baptists over critical race theory rejection",https://religionnews.com/2020/12/16/houston-pastor-cuts-ties-to-southern-baptists-over-critical-race-theory-critique/,20201217T011500Z,religionnews.com,2,0,0,0,0,0,0,2,0,0,0,0,0,0,0,0,0,0,0,0,0,0,0,0,0,0,0,0,0,0,0,0,0,0,0,0,0,0,0,0,0,0,0,0,0,0,0,0,0,0,0
VIRTUAL EVENT : The New Intolerance : Critical Race Theory and Its Grip on America,https://www.heritage.org/progressivism/event/virtual-event-the-new-intolerance-critical-race-theory-and-its-grip-america,20201218T001500Z,heritage.org,1,0,0,0,0,0,0,1,0,0,0,0,0,0,0,0,0,0,0,0,0,0,0,0,0,0,0,0,0,0,0,0,0,0,0,0,0,0,0,0,0,0,0,0,0,0,0,0,0,0,0
Critical Race Theory Does Not Stay on College Campuses,https://www.dailysignal.com/2020/12/18/2020-critical-race-theory/,20201218T154500Z,dailysignal.com,2,0,1,0,0,0,0,1,0,0,0,0,0,0,0,0,0,0,0,0,0,0,0,0,0,0,0,0,0,0,0,0,0,0,0,0,0,0,0,0,0,0,0,0,0,0,0,0,0,0,0
"SBC wants to scrap CRT resolution , Dwight McKissic says",https://www.christianpost.com:443/church-ministries/sbc-wants-to-scrap-crt-resolution-dwight-mckissic-says.html,20201218T200000Z,christianpost.com,3,0,0,0,0,0,0,3,0,0,0,0,0,0,0,0,0,0,0,0,0,0,0,0,0,0,0,0,0,0,0,0,0,0,0,0,0,0,0,0,0,0,0,0,0,0,0,0,0,0,0
  We out : Charlie Dates on why his church is leaving the SBC over rejection of critical race theory,https://religionnews.com/2020/12/18/we-out-charlie-dates-on-why-his-church-is-leaving-the-sbc-over-rejection-of-critical-race-theory/,20201218T234500Z,religionnews.com,1,0,0,0,0,0,0,1,0,0,0,0,0,0,0,0,0,0,0,0,0,0,0,0,0,0,0,0,0,0,0,0,0,0,0,0,0,0,0,0,0,0,0,0,0,0,0,0,0,0,0
Two Prominent Pastors Break With SBC After Critical Race T ...... | News & Reporting,https://www.christianitytoday.com/news/2020/december/charlie-dates-ralph-west-southern-baptist-sbc-crt.html,20201219T104500Z,christianitytoday.com,1,0,0,0,0,0,0,1,0,0,0,0,0,0,0,0,0,0,0,0,0,0,0,0,0,0,0,0,0,0,0,0,0,0,0,0,0,0,0,0,0,0,0,0,0,0,0,0,0,0,0
Maintaining and expanding the ban on critical race theory -- Society Child -- Sott . net,https://www.sott.net/article/446032-Maintaining-and-expanding-the-ban-on-critical-race-theory,20201220T081500Z,sott.net,1,0,0,0,0,0,0,1,0,0,0,0,0,0,0,0,0,0,0,0,0,0,0,0,0,0,0,0,0,0,0,0,0,0,0,0,0,0,0,0,0,0,0,0,0,0,0,0,0,0,0
Texas megachurch pastor cuts ties with SBC over CRT,https://www.christianpost.com:443/church-ministries/texas-megachurch-pastor-cuts-ties-with-sbc-over-crt.html,20201220T160000Z,christianpost.com,3,0,0,0,0,0,0,3,0,0,0,0,0,0,0,0,0,0,0,0,0,0,0,0,0,0,0,0,0,0,0,0,0,0,0,0,0,0,0,0,0,0,0,0,0,0,0,0,0,0,0
Feeling guilty about everything ? Thank critical race theory,http://www.truenorthreports.com/feeling-guilty-about-everything-thank-critical-race-theory,20201220T204500Z,truenorthreports.com,3,0,0,0,0,0,1,1,0,0,0,0,0,0,1,0,0,0,0,0,0,0,0,0,0,0,0,0,0,0,0,0,0,0,0,0,0,0,0,0,0,0,0,0,0,0,0,0,0,0,0
Only a Critical Race Theorist Could Be so Racist,https://townhall.com/columnists/bronsonstocking/2020/12/21/only-a-critical-race-theorist-could-be-so-racist-n2581887,20201221T190000Z,townhall.com,1,0,0,0,0,0,0,1,0,0,0,0,0,0,0,0,0,0,0,0,0,0,0,0,0,0,0,0,0,0,0,0,0,0,0,0,0,0,0,0,0,0,0,0,0,0,0,0,0,0,0
"Continuing saga : SBC leaders , seminary heads at odds on CRT",https://onenewsnow.com/church/2020/12/22/continuing-saga-sbcs-leaders-seminary-heads-at-odds-on-crt,20201222T210000Z,onenewsnow.com,1,0,0,0,0,0,0,1,0,0,0,0,0,0,0,0,0,0,0,0,0,0,0,0,0,0,0,0,0,0,0,0,0,0,0,0,0,0,0,0,0,0,0,0,0,0,0,0,0,0,0
Marxist  Critical Race Theory  seeps into U . S . courts,https://www.washingtontimes.com:443/news/2020/dec/22/marxist-critical-race-theory-seeps-into-us-courts/,20201222T220000Z,washingtontimes.com,1,0,0,0,0,0,0,1,0,0,0,0,0,0,0,0,0,0,0,0,0,0,0,0,0,0,0,0,0,0,0,0,0,0,0,0,0,0,0,0,0,0,0,0,0,0,0,0,0,0,0
"Fred Luter , JD Greear speak out on dispute over CRT",https://www.christianpost.com:443/church-ministries/fred-luter-jd-greear-speak-out-on-dispute-over-crt.html,20201222T224500Z,christianpost.com,3,0,0,0,0,0,0,3,0,0,0,0,0,0,0,0,0,0,0,0,0,0,0,0,0,0,0,0,0,0,0,0,0,0,0,0,0,0,0,0,0,0,0,0,0,0,0,0,0,0,0
Marxist  Critical Race Theory  Seeps Into U . S . Courts | The Heritage Foundation,https://www.heritage.org/progressivism/commentary/marxist-critical-race-theory-seeps-us-courts,20201223T210000Z,heritage.org,2,0,0,0,0,0,0,2,0,0,0,0,0,0,0,0,0,0,0,0,0,0,0,0,0,0,0,0,0,0,0,0,0,0,0,0,0,0,0,0,0,0,0,0,0,0,0,0,0,0,0
"Biden picks  social justice  architect for education secretary , ahead of expectations of Trump  critical race theory  ban reversal -- Puppet Masters -- Sott . net",https://www.sott.net/article/446214-Biden-picks-social-justice-architect-for-education-secretary-ahead-of-expectations-of-Trumps-critical-race-theory-ban-reversal,20201223T233000Z,sott.net,1,0,0,0,0,0,0,1,0,0,0,0,0,0,0,0,0,0,0,0,0,0,0,0,0,0,0,0,0,0,0,0,0,0,0,0,0,0,0,0,0,0,0,0,0,0,0,0,0,0,0
Racist Sharpton Claims the  White Church  Is  Sinning  for Not Teaching Critical Race Theory,https://www.newsbusters.org/blogs/nb/duncan-schroeder/2020/12/23/racist-sharpton-claims-white-church-sinning-not-teaching,20201224T023000Z,newsbusters.org,2,0,0,0,0,0,0,2,0,0,0,0,0,0,0,0,0,0,0,0,0,0,0,0,0,0,0,0,0,0,0,0,0,0,0,0,0,0,0,0,0,0,0,0,0,0,0,0,0,0,0
"Luter , Greear latest Southern Baptist leaders to weigh in as turmoil over race theory grows",https://www.timeswv.com/news/national_news/luter-greear-latest-southern-baptist-leaders-to-weigh-in-as-turmoil-over-race-theory-grows/article_5fa77442-458d-11eb-83b3-eba18906f1e9.html,20201225T084500Z,timeswv.com,2,0,0,0,0,0,0,2,0,0,0,0,0,0,0,0,0,0,0,0,0,0,0,0,0,0,0,0,0,0,0,0,0,0,0,0,0,0,0,0,0,0,0,0,0,0,0,0,0,0,0
RIGHT SPEAK : Future Biden Education Secretary Oversaw Creation of Critical Theory Class for High Schoolers ; Marxist  Critical Race Theory  Seeps Into U . S . Courts,http://www.rightspeak.net/2020/12/future-biden-education-secretary.html,20201228T064500Z,rightspeak.net,2,0,0,0,0,0,0,1,0,0,0,0,0,0,0,0,0,1,0,0,0,0,0,0,0,0,0,0,0,0,0,0,0,0,0,0,0,0,0,0,0,0,0,0,0,0,0,0,0,0,0
Black pastor leaves Southern Baptists over critical race theory,https://www.christiancentury.org/article/people/black-pastor-leaves-southern-baptists-over-critical-race-theory,20201228T093000Z,christiancentury.org,1,0,0,0,0,0,0,1,0,0,0,0,0,0,0,0,0,0,0,0,0,0,0,0,0,0,0,0,0,0,0,0,0,0,0,0,0,0,0,0,0,0,0,0,0,0,0,0,0,0,0
Hans von Spakovsky : Marxist  Critical Race Theory  Seeps Into U . S . Courts The Patriot Post,https://patriotpost.us/opinion/76727-marxist-critical-race-theory-seeps-into-us-courts-2020-12-28,20201228T153000Z,patriotpost.us,1,0,0,0,0,0,0,1,0,0,0,0,0,0,0,0,0,0,0,0,0,0,0,0,0,0,0,0,0,0,0,0,0,0,0,0,0,0,0,0,0,0,0,0,0,0,0,0,0,0,0
Critical race theory : a ruling - class ideology,https://www.naturalnews.com/2020-12-28-critical-race-theory-a-ruling-class-ideology.html,20201228T181500Z,naturalnews.com,1,0,0,0,0,0,0,1,0,0,0,0,0,0,0,0,0,0,0,0,0,0,0,0,0,0,0,0,0,0,0,0,0,0,0,0,0,0,0,0,0,0,0,0,0,0,0,0,0,0,0
First Experience With Completely Leadless CRT,https://www.medscape.com/viewarticle/943253,20201228T221500Z,medscape.com,1,0,0,0,0,0,0,1,0,0,0,0,0,0,0,0,0,0,0,0,0,0,0,0,0,0,0,0,0,0,0,0,0,0,0,0,0,0,0,0,0,0,0,0,0,0,0,0,0,0,0
The SBC critical race theory debacle,https://religionnews.com/2020/12/29/the-sbcs-critical-race-theory-debacle/,20201229T151500Z,religionnews.com,1,0,0,0,0,0,0,1,0,0,0,0,0,0,0,0,0,0,0,0,0,0,0,0,0,0,0,0,0,0,0,0,0,0,0,0,0,0,0,0,0,0,0,0,0,0,0,0,0,0,0
Legal Theory Blog : Fox on Race and Assisted Reproduction,https://lsolum.typepad.com/legaltheory/2020/12/fox-on-race-and-assisted-reproduction.html,20201231T171500Z,lsolum.typepad.com,1,0,0,0,0,0,0,0,0,0,0,0,0,0,0,0,0,0,0,0,0,0,0,0,0,0,0,0,0,0,0,0,0,0,0,0,1,0,0,0,0,0,0,0,0,0,0,0,0,0,0
GSE CRT portfolios mark month - over - month improvement in delinquencies,https://www.nationalmortgagenews.com/news/gse-crt-portfolios-mark-month-over-month-improvement-in-delinquencies,20201231T211500Z,nationalmortgagenews.com,2,0,0,0,0,0,0,2,0,0,0,0,0,0,0,0,0,0,0,0,0,0,0,0,0,0,0,0,0,0,0,0,0,0,0,0,0,0,0,0,0,0,0,0,0,0,0,0,0,0,0